, PRO CASH ,, PRO TJ  ,,,,,,,,,,,,,,Date,Provider,Product,Quantity,Price,Total,Cash/card,,,,,,,,,
,,, $37.00 , tahe  ,,,,,,,,,,,,,,,,,,,,,,,,,,,,
,,,,,,,,,,,,,,,,,,,,,,,,,,,,,,,,
1.4.2024, $15.00 , gel k.mode ,,,,,,,,,,,,,,,,,,,,,,,,,,,,,,
,,, $90.00 , tahe ,,,,,,,,,,,,,,,,,,,,,,,,,,,,
,,,,,,,,,,,,,,,,,,,,,,,,,,,,,,,,
1/6/2024, $16.00 , kull , $35.00 , trata ,,,,,,,,,,,,,,,,,,,,,,,,,,,,
,,,,,,,,,,,,,,,,,,,,,,,,,,,,,,,,
,,,,,,,,,,,,,,,,,,,,,,,,,,,,,,,,
1/7/2024, $31.00 ,, $15.00 , sty/pow ,,,,,,,,,,,,,,,,,,,,,,,,,,,,
, $16.00 , TAH , $177.00 , TAHE  ,,,,,,,,,,,,,,,,,,,,,,,,,,,,
, $15.00 , FLIX ,,,,,,,,,,,,,,,,,,,,,,,,,,,,,,
,,,,,,,,,,,,,,,,,,,,,,,,,,,,,,,,
,,,,,,,,,,,,,,,,,,,,,,,,,,,,,,,,
,,,,,,,,,,,,,,,,,,,,,,,,,,,,,,,,
1/11/2024, 50 depositode peinado ,,,,,,,,,,,,,,,,,,,,,,,,,,,,,,,
,,,,,,,,,,,,,,,,,,,,,,,,,,,,,,,,
,,,,,,,,,,,,,,,,,,,,,,,,,,,,,,,,
,,,,,,,,,,,,,,,,,,,,,,,,,,,,,,,,
01 12 24,,, $16.00 ,,3 53 pm,,,,,,,,,,,,,,,,,,,,,,,,,,,
01 12 24,,clay wax, $16.00 ,,,,,,,,,,,,,,,,,,,,,,,,,,,,,
,,,,,,,,,,,,,,,,,,,,,,,,,,,,,,,,
,,,,,,,,,,,,,,,,,,,,,,,,,,,,,,,,
1/13/2024,,, $15.00 ,spray,9:59,,,,,,,,,,,,,,,,,,,,,,,,,,,
, $15.00 ,styling powder, $22.00 ,kull 11;47,,,,,,,,,,,,,,,,,,,,,,,,,,,,
, $15.00 ,gel, $50.00 ,th ,,,,,,,,,,,,,,,,,,,,,,,,,,,,
, $45.00 ,,,,,,,,,,,,,,,,,,,,,,,,,,,,,,,
,,,,,,,,,,,,,,,,,,,,,,,,,,,,,,,,
,,,,,,,,,,,,,,,,,,,,,,,,,,,,,,,,
1/14/2024,,,,,,,,,,,,,,,,,,,,,,,,,,,,,,,,
, $15.00 ,gel,,,,,,,,,,,,,,,,,,,,,,,,,,,,,,
, $16.00 ,gel,,,,,,,,,,,,,,,,,,,,,,,,,,,,,,
, $106.00 ,, $119.00 ,,,,,,,,,,,,,,,,,,,,,,,,,,,,,
, $45.00 ,TAH , $87.00 ,Tah ,,,,,,,,,,,,,,,,,,,,,,,,,,,,
, $61.00 ,FLIX , $32.00 ,FLIX ,,,,,,,,,,,,,,,,,,,,,,,,,,,,
,,,,,,,,,,,,,,,,,,,,,,,,,,,,,,,,
,,,,,,,,,,,,,,,,,,,,,,,,,,,,,,,,
, CASH ,PRODCUTO,TARJETA,,,,,,,,,,,,,,,,,,,,,,,,,,,,,
1/19/2024, $15.00 ,sty/pow,,,,,,,,,,,,,,,,,,,,,,,,,,,,,,
cera,,, $12.00 ,,2 31 pm,,,,,,,,,,,,,,,,,,,,,,,,,,,
,,,,,,,,,,,,,,,,,,,,,,,,,,,,,,,,
,,,,,,,,,,,,,,,,,,,,,,,,,,,,,,,,
,,, $14.00 ,polvo,,,,,,,,,,,,,,,,,,,,,,,,,,,,
, $16.00 ,CERA spider,,,,,,,,,,,,,,,,,,,,,,,,,,,,,,
1/21/2024, $16.00 ,gel,,,,,,,,,,,,,,,,,,,,,,,,,,,,,,
, $18.00 ,shampoo,,,,,,,,,,,,,,,,,,,,,,,,,,,,,,
TOTAL, $65.00 ,, $26.00 ,,,,,,,,,,,,,,,,,,,,,,,,,,,,,
, $18.00 ,TAHE,,,,,,,,,,,,,,,,,,,,,,,,,,,,,,
, $47.00 ,FELIX, $26.00 ,,,,,,,,,,,,,,,,,,,,,,,,,,,,,
,,,,,,,,,,,,,,,,,,,,,,,,,,,,,,,,
,,,,,,,,,,,,,,,,,,,,,,,,,,,,,,,,
, CASH ,PRODCUTO,TARJETA,,,,,,,,,,,,,,,,,,,,,,,,,,,,,
1/25/2024, $15.00 ,telarana,,,,,,,,,,,,,,,,,,,,,,,,,,,,,,
,,,,,,,,,,,,,,,,,,,,,,,,,,,,,,,,
, $15.00 ,muss ,,,,,,,,,,,,,,,,,,,,,,,,,,,,,,
,,,,,,,,,,,,,,,,,,,,,,,,,,,,,,,,
1/27/2024,,, $15.00 ,gel,10:47,,,,,,,,,,,,,,,,,,,,,,,,,,,
,,,,,,,,,,,,,,,,,,,,,,,,,,,,,,,,
, $15.00 , talcojb ,,,,,,,,,,,,,,,,,,,,,,,,,,,,,,
,,, $60.00 ,tahe,,,,,,,,,,,,,,,,,,,,,,,,,,,,
,,, $37.00 ,tahe ,,,,,,,,,,,,,,,,,,,,,,,,,,,,
,,, $67.00 ,tah,,,,,,,,,,,,,,,,,,,,,,,,,,,,
, $15.00 , crema jb ,,,,,,,,,,,,,,,,,,,,,,,,,,,,,,
1/28/2024, $16.00 ,mode,,,,,,,,,,,,,,,,,,,,,,,,,,,,,,
,,, $16.00 ,gel,12:21,,,,,,,,,,,,,,,,,,,,,,,,,,,
TOTAL, $76.00 ,, $195.00 ,,,,,,,,,,,,,,,,,,,,,,,,,,,,,
, $15.00 ,TAHE, $164.00 ,,,,,,,,,,,,,,,,,,,,,,,,,,,,,
, $61.00 ,FELIX, $31.00 ,,,,,,,,,,,,,,,,,,,,,,,,,,,,,
,,,,,,,,,,,,,,,,,,,,,,,,,,,,,,,,
,,,,,,,,  ,,,,,,,,,,,,,,,,,,,,,,,,
, CASH ,PRODCUTO,TARJETA,,,,,sertificado de 25 2/4,,,,,,,,,,,,,,,,,,,,,,,,
1/29/2024, $35.00 ,FLEP,,,,,,,,,,,,,,,,,,,,,,,,,,,,,,
,,,,,,,,,,,,,,,,,,,,,,,,,,,,,,,,
,,,,,,,,,,,,,,,,,,,,,,,,,,,,,,,,
1/30/2024,,, $15.00 ,kiwi,12:09,,,,,,,,,,,,,,,,,,,,,,,,,,,
, $18.00 ,keratin gold,,,,,,,,,,,,,,,,,,,,,,,,,,,,,,
, $10.00 ,gel,,,,,,,,,,,,,,,,,,,,,,,,,,,,,,
,,,,,,,,,,,,,,,,,,,,,,,,,,,,,,,,
, $15.00 ,gel,,,,,,,,,,,,,,,,,,,,,,,,,,,,,,
,,,,,,,,,,,,,,,,,,,,,,,,,,,,,,,,
2/3/2024, $18.00 ,mousse,,,,,,,,,,,,,,,,,,,,,,,,,,,,,,
, $18.00 ,mousse,,,,,,,,,,,,,,,,,,,,,,,,,,,,,,
,,, $15.00 ,spider wax,3;55,,,,,,,,,,,,,,,,,,,,,,,,,,,
,,,,,,,,,,,,,,,,,,,,,,,,,,,,,,,,
4-Feb,,, $25.00 ,gyf cartd  2/4/24,,,,,,,,,,,,,,,,,,,,,,,,,,,,
, $114.00 ,, $55.00 ,,,,,,,,,,,,,,,,,,,,,,,,,,,,,
, $89.00 ,TAH,,,,,,,,,,,,,,,,,,,,,,,,,,,,,,
, $25.00 ,FLX,,,,,,,,,,,,,,,,,,,,,,,,,,,,,,
,,,,,,,,,,,,,,,,,,,,,,,,,,,,,,,,
,,,,,,,,,,,,,,,,,,,,,,,,,,,,,,,,
, CASH ,PRODCUTO,TARJETA,,,,,,,,,,,,,,,,,,,,,,,,,,,,,
2/5/2024, $15.00 ,jby,,,,,,,,,,,,,,,,,,,,,,,,,,,,,,
8-Feb, $60.00 ,tahe ,,,,,,,,,,,,,,,,,,,,,,,,,,,,,,
, $18.00 ,styling cream,,,,,,,,,,,,,,,,,,,,,,,,,,,,,,
,,, $22.00 ,,5.01pm,cosmetics verde,,,,,,,,,,,,,,,,,,,,,,,,,,
2/10/2024, $15.00 ,gel jb,,,,,,,,,,,,,,,,,,,,,,,,,,,,,,
, $15.00 ,jby,,,,,,,,,,,,,,,,,,,,,,,,,,,,,,
, $16.00 , FEL ,,,,,,,,,,,,,,,,,,,,,,,,,,,,,,
, $18.00 ,mousse,,,,,,,,,,,,,,,,,,,,,,,,,,,,,,
,,,,,,,,,,,,,,,,,,,,,,,,,,,,,,,,
,,,,,,,,,,,,,,,,,,,,,,,,,,,,,,,,
17-Feb, $63.00 ,tah, $45.00 ,tah ,,,,,,,,,,,,,,,,,,,,,,,,,,,,
,,,,,,,,,,,,,,,,,,,,,,,,,,,,,,,,
18-Feb,,, $16.00 ,flx,,,,,,,,,,,,,,,,,,,,,,,,,,,,
, $18.00 ,mus,,,,,,,,,,,,,,,,,,,,,,,,,,,,,,
, $81.00 ,, $61.00 ,,,,,,,,,,,,,,,,,,,,,,,,,,,,,
,,, $45.00 ,TAHE ,,,,,,,,,,,,,,,,,,,,,,,,,,,,
,,, $16.00 ,FLX,,,,,,,,,,,,,,,,,,,,,,,,,,,,
,,,,,,,,,,,,,,,,,,,,,,,,,,,,,,,,
,,,,,,,,,,,,,,,,,,,,,,,,,,,,,,,,
,,,,,,,,,,,,,,,,,,,,,,,,,,,,,,,,
, CASH ,PRODCUTO,TARJETA,,,,,,,,,,,,,,,,,,,,,,,,,,,,,
20-Feb,,, $15.00 ,gel jb,,,,,,,,,,,,,,,,,,,,,,,,,,,,
, $15.00 ,cra,,,,,,,,,,,,,,,,,,,,,,,,,,,,,,
,,, $15.00 ,wax,,,,,,,,,,,,,,,,,,,,,,,,,,,,
,,, $25.00 ,tahe,,,,,,,,,,,                                                                                                                                                                                                                                                                                              ,,,,,,,,,,,,,,,,,
, $45.00 ,tahe, $45.00 ,tahe,,,,,,,,,,,,,,,,,,,,,,,,,,,,
,, , $15.00 ,felix ,,,,,,,,,,,,,,,,,,,,,,,,,,,,
, $12.00 ,jb,,,,,,,,,,,,,,,,,,,,,,,,,,,,,,
, $18.00 ,jb smooth,,,,,,,,,,,,,,,,,,,,,,,,,,,,,,
,,,,,,,,,,,,,,,,,,,,,,,,,,,,,,,,
23-Feb, $10.00 ,sty pow,,,,,65 salys ,,,,,,,,,,,,,,,,,,,,,,,,,
, $18.00 ,tah ,,,,,,,,,,,,,,,,,,,,,,,,,,,,,,
, $15.00 ,tah 12;56,,,,,,,,,,,,,,,,,,,,,,,,,,,,,,
, $15.00 ,tah,,,,,,,,,,,,,,,,,,,,,,,,,,,,,,
25-Feb, $10.00 ,sty pow,,,,,,,,,,,,,,,,,,,,,,,,,,,,,,
TOTAL, $158.00 ,, $115.00 ,,,,,,,,,,,,,,,,,,,,,,,,,,,,,
, $93.00 ,TAHE, $70.00 ,,,,,,,,,,,,,,,,,,,,,,,,,,,,,
, $65.00 ,FELIX, $45.00 ,,,,,,,,,,,,,,,,,,,,,,,,,,,,,
,,,,,,,,,,,,,,,,,,,,,,,,,,,,,,,,
,,,,,,,,,,,,,,,,,,,,,,,,,,,,,,,,
, CASH ,PRODCUTO,TARJETA,,,,,,,,,,,,,,,,,,,,,,,,,,,,,
27-Feb,,, $40.00 ,phelps kit,,,,,,,,,,,,,,,,,,,,,,,,,,,,
,,, $73.00 ,TAHE ,,,,,,,,,,,,,,,,,,,,,,,,,,,,
,,,,,,,,,,,,,,,,,,,,,,,,,,,,,,,,
,,, $18.00 ,mouse,12.37pm,,,,,,,,,,,,,,,,,,,,,,,,,,,
,10, $10.00 ,,,,,,,,,,,,,,,,,,,,,,,,,,,,,,
,,, $16.00 ,, 5 30 pm ,,,,,,,,,,,,,,,,,,,,,,,,,,,
,,, $15.00 ,, $3.59 ,gelcolor,,,,,,,,,,,,,,,,,,,,,,,,,,
,,,,,,,,,,,,,,,,,,,,,,,,,,,,,,,,
, $10.00 ,, $162.00 ,,,,,,,,,,,,,,,,,,,,,,,,,,,,,
,,, $131.00 , tah  ,,,,,,,,,,,,,,,,,,,,,,,,,,,,
,,, $31.00 , flix  ,,,,,,,,,,,,,,,,,,,,,,,,,,,,
, M , A , R , Z , O                    2   0  2  4   ,,,,,,,,,,,,,,,,,,,,,,,,,,,
,,,,,,,,,,,,,,,,,,,,,,,,,,,,,,,,
, CASH ,PRODCUTO,TARJETA,,,,,,,,,,,,,,,,,,,,,,,,,,,,,
5-Mar, $10.00 , polvo ,,,,,,,,,,,,,,,,,,,,,,,,,,,,,,
, $15.00 , gel jb ,,,,,,,,,,,,,,,,,,,,,,,,,,,,,,
, $15.00 , telarana ,,,,,,,,,,,,,,,,,,,,,,,,,,,,,,
, $60.00 , tahe ,,,,,,,,,,,,,,,,,,,,,,,,,,,,,,
TOTAL, $100.00 ,,,,,,,,,,,,,,,,,,,,,,,,,,,,,,,
, $60.00 , tahe ,,,,,,,,,,,,,,,,,,,,,,,,,,,,,,
, $40.00 ,,,,,,,,,,,,,,,,,,,,,,,,,,,,,,,
,,,,,,,,,,,,,,,,,,,,,,,,,,,,,,,,
,,,,,,,,,,,,,,,,,,,,,,,,,,,,,,,,
3/11/2024, $15.00 , JB AZUL ,,,,,,,,,,,,,,,,,,,,,,,,,,,,,,
,, GEL JB PURPLE, $15.00 ,5.27PM,,,,,,,,,,,,,,,,,,,,,,,,,,,,
3/15/2024,,, $85.00 ,TAHE,,,,,,,,,,,,,,,,,,,,,,,,,,,,
, $15.00 ,gel,,,,,,,,,,,,,,,,,,,,,,,,,,,,,,
, $15.00 ,telarana,,,,,,,,,,,,,,,,,,,,,,,,,,,,,,
,,, $16.00 ,gel jb,,,,,,,,,,,,,,,,,,,,,,,,,,,,
, $16.00 ,gel caspa,,,,,,,,,,,,,,,,,,,,,,,,,,,,,,
, $25.00 ,flix ,,,,,,,,,,,,,,,,,,,,,,,,,,,,,,
, $15.00 ,gel,,,,,,,,,,,,,,,,,,,,,,,,,,,,,,
, $12.00 ,cera,,,,,,,,,,,,,,,,,,,,,,,,,,,,,,
, $12.00 ,jb   ,,,,,,,,,,,,,,,,,,,,,,,,,,,,,,
, $125.00 ,, $116.00 ,,,,,,,,,,,,,,,,,,,,,,,,,,,,,
,,, $31.00 ,FELIX ,,,,,,,,,,,,,,,,,,,,,,,,,,,,
,,, $85.00 ,TAHE,,,,,,,,,,,,,,,,,,,,,,,,,,,,
,,,,,,,,,,,,,,,,,,,,,,,,,,,,,,,,
,,,,,,,,,,,,,,,,,,,,,,,,,,,,,,,,
3/18/2024,,ST JB, $13.00 ,,,,,,,,,,,,,,,,,,,,,,,,,,,,,
,,,,,,,,,,,,,,,,,,,,,,,,,,,,,,,,
, $15.00 ,GEL JB,,,,,,,,,,,,,,,,,,,,,,,,,,,,,,
3/20/2024,,, $15.00 ,gel,,,,,,,,,,,,,,,,,,,,,,,,,,,,
, $16.00 ,polv jb,,,,,,,,,,,,,,,,,,,,,,,,,,,,,,
,,gel jb, $15.00 ,,,,,,,,,,,,,,,,,,,,,,,,,,,,,
,,jb polvo, $10.00 ,12.26pm,,,,,,,,,,,,,,,,,,,,,,,,,,,,
, $15.00 ,tah ,,,,,,,,,,,,,,,,,,,,,,,,,,,,,,
, $45.00 ,shampoo kit,,,,,,,,,,,,,,,,,,,,,,,,,,,,,,
,,jb morado, $15.00 ,,,,,,,,,,,,,,,,,,,,,,,,,,,,,
, $18.00 ,mousse,,,,7 dollar ,,,,,,,,,,,,,,,,,,,,,,,,,,
3/23/2024,,cera, $12.00 ,12:38,,,,,,,,,,,,,,,,,,,,,,,,,,,,
, $15.00 ,,,,,,,,,,,,,,,,,,,,,,,,,,,,,,,
,,, $15.00 ,jb  3;4,,,,,,,,,,,,,,,,,,,,,,,,,,,,
,,, $45.00 ,tahe 7;39,,60 tahe ,,,,,,,,,,,,,,,,,,,,,,,,,,
,,, $15.00 ,flix 7;39,,,,,,,,,,,,,,,,,,,,,,,,,,,,
TOTAL, $124.00 ,, $155.00 ,,,,,,,,,,,,,,,,,,,,,,,,,,,,,
, $78.00 ,TAHE, $45.00 ,,,,,,,,,,,,,,,,,,,,,,,,,,,,,
, $46.00 ,FELIX, $110.00 ,,,,,,,,,,,,,,,,,,,,,,,,,,,,,
,,,,,,,,,,,,,,,,,,,,,,,,,,,,,,,,
,,,,,,,,,,,,,,,,,,,,,,,,,,,,,,,,
,,,,,,,,,,,,,,,,,,,,,,,,,,,,,,,,
, CASH ,PRODCUTO,TARJETA,,,,,,,,,,,,,,,,,,,,,,,,,,,,,
26-Mar,,, $15.00 ,tah,,,,,,,,,,,,,,,,,,,,,,,,,,,,
26-Mar, $15.00 ,,,gentlemen,,,,,,,,,,,,,,,,,,,,,,,,,,,,
,,, $15.00 ,jb,,,32 SPYRA COLOR,,,,,,,,,,,,,,,,,,,,,,,,,
27/3, $15.00 ,,,gel a camilo ,,,,,,,,,,,,,,,,,,,,,,,,,,,,
, $30.00 ,tahe gold,,,,,,,,,,,,,,,,,,,,,,,,,,,,,,
,,, $16.00 ,gel jb,,,,,,,,,,,,,,,,,,,,,,,,,,,,
, $25.00 ,flix ,,,,,,,,,,,,,,,,,,,,,,,,,,,,,,
,,,,,,,,,,,,,,,,,,,,,,,,,,,,,,,,
28/3, $18.00 ,moiusse tane,,,,,,,,,,,,,,,,,,,,,,,,,,,,,,
30-Mar,,, $10.00 ,polvo,,,,,,,,,,,,,,,,,,,,,,,,,,,,
, $5.00 ,peineta ,,,,,,,,,,,,,,,,,,,,,,,,,,,,,,
, $15.00 ,,,cera azul ,,,,,,,,,,,,,,,,,,,,,,,,,,,,
,,, $20.00 ,,,,,,,,,,,,,,,,,,,,,,,,,,,,,
, $108.00 ,, $76.00 ,,,,,,,,,,,,,,,,,,,,,,,,,,,,,
, $53.00 ,TAHE , $15.00 ,TAHE ,,,,,,,,,,,,,,,,,,,,,,,,,,,,
, $55.00 ,FELIX , $61.00 ,FLIX ,,,,,,,,,,,,,,,,,,,,,,,,,,,,
,,,,,,,,,,,,,,,,,,,,,,,,,,,,,,,,
,,,,,,,,,,,,,,,,,,,,,,,,,,,,,,,,
, A ,B, R ,I,L,,,,,,,,,,,,,,,,,,,,,,,,,,,
, CASH ,PRODCUTO,TARJETA,,,,,,,,,,,,,,,,,,,,,,,,,,,,,
1/abril,,st cm jb, $13.00 ,,,,,,,,,,,,,,,,,,,,,,,,,,,,,
,,, $15.00 ,tintanegraz,,,,,,,,,,,,,,,,,,,,,,,,,,,,
, $10.00 ,gel,,,,,,,,,,,,,,,,,,,,,,,,,,,,,,
,,SHAMPOO, $38.00 ,,,,,,,,,,,,,,,,,,,,,,,,,,,,,
4/5/2024,,,,,,,,,,,,,,,,,,,,,,,,,,,,,,,,
, $15.00 ,gel blanco,,,,,,,,,,,,,,,,,,,,,,,,,,,,,,
, $15.00 ,gel jb,,,,,,,,,,,,,,,,,,,,,,,,,,,,,,
, $16.00 ,gel,,,,,,,,,,,,,,,,,,,,,,,,,,,,,,
, $10.00 ,polvo,,,,,,,,,,,,,,,,,,,,,,,,,,,,,,
, $7.00 ,peineta , $35.00 ,tahe 3;51,,,,,,,,,,,,,,,,,,,,,,,,,,,,
TOTAL, $73.00 ,, $101.00 ,,,,,,,,,,,,,,,,,,,,,,,,,,,,,
, $22.00 ,TAHE, $88.00 ,,,,,,,,,,,,,,,,,,,,,,,,,,,,,
, $51.00 ,FELIX, $13.00 ,,,,,,,,,,,,,,,,,,,,,,,,,,,,,
,,,,,,,,,,,,,,,,,,,,,,,,,,,,,,,,
,,,,,,,,,,,,,,,,,,,,,,,,,,,,,,,,
, CASH ,PRODCUTO,TARJETA,,,,,,,,,,,,,,,,,,,,,,,,,,,,,
4/10/2024, $15.00 ,jb,,,,,,,,,,,,,,,,,,,,,,,,,,,,,,
4/10/2024, $15.00 ,king mode ,,,,,,,,,,,,,,,,,,,,,,,,,,,,,,
,,, $15.00 ,bby,,,,,,,,,,,,,,,,,,,,,,,,,,,,
,,,,,,,,,,,,,,,,,,,,,,,,,,,,,,,,
4/12/2024, $45.00 ,sahmp y trat,,,,,,,,,,,,,,,,,,,,,,,,,,,,,,
,,, $15.00 ,bby 1;6,,,,,,,,,,,,,,,,,,,,,,,,,,,,
,,, $18.00 ,mousse,,,,,,,,,,,,,,,,,,,,,,,,,,,,
,,, $6.00 ,peineta 3;50,,,,,,,,,,,,,,,,,,,,,,,,,,,,
4/13/2024, $13.00 ,wax,,,,,,,,,,,,,,,,,,,,,,,,,,,,,,
, $18.00 ,MOUSSE,,,,,,,,,,,v,,,,,,,,,,,,,,,,,,,
,,,,,,,,,,,,,,,,,,,,,,,,,,,,,,,,
14-Apr, $30.00 ,2 gel, $54.00 ,TAH ,,,,,,,,,,,,,,,,,,,,,,,,,,,,
, $136.00 ,,,,,,,,,,,,,,,,,,,,,,,,,,,,,,,
, $63.00 ,TAH ,,,,,,,,,,,,,,,,,,,,,,,,,,,,,,
, $73.00 ,FLIX,,,,,,,,,,,,,,,,,,,,,,,,,,,,,,
,,,,,,,,,,, ,,,,,,,,,,,,,,,,,,,,,
,,,,,,,,,,,,,,,,,,,,,,,,,,,,,,,,
,,,,,,,,,,,,,,,,,,,,,,,,,,,,,,,,
, CASH ,PRODCUTO,TARJETA,,,,,,,,,,,,,,,,,,,,,,,,,,,,,
,,SPRAY color, $15.00 ,,,,,,,,,,,,,,,,,,,,,,,,,,,,,
,,, $20.00 ,protector ,,,,,,,,,,,,,,,,,,,,,,,,,,,,
, $15.00 ,gel morado,,,,,,,,,,,,,,,,,,,,,,,,,,,,,,
, $15.00 ,gel morado,,,,,,,,,,,,,,,,,,,,,,,,,,,,,,
, $15.00 ,punky color,,,,,,,,,,,,,,,,,,,,,,,,,,,,,,
,,gel tahe, $15.00 ,1.53,,,,,,,,,,,,,,,,,,,,,,,,,,,,
4/19/2024,,,,,,,,,,,,,,,,,,,,,,,,,,,,,,,,
, $15.00 ,gel jb,,,,,,,,,,,,,,,,,,,,,,,,,,,,,,
4/20/2024, $15.00 ,gel,,,,,,,,,,,,,,,,,,,,,,,,,,,,,,
,,, $5.00 ,peinta,,,,,,,,,,,,,,,,,,,,,,,,,,,,
4/20/2024, $15.00 ,CERAS,,,,,,,,,,,,,,,,,,,,,,,,,,,,,,
, $15.00 ,gel purple,,,,,,,,,,,,,,,,,,,,,,,,,,,,,,
, $15.00 ,tahe , $18.00 ,muss,5 56 pm lesther,,,,,,,,,,,,,,,,,,,,,,,,,,,
4/21824,,st jb, $13.00 ,,,,,,,,,,,,,,,,,,,,,,,,,,,,,
, $18.00 ,,,,,,,,,,,,,,,,,,,,,,,,,,,,,,,
 ,,, $15.00 ,gel,3:44,,,,,,,,,,,,,,,,,,,,,,,,,,,
TOTAL, $138.00 ,, $101.00 ,,,,,,,,,,,,,,,,,,,,,,,,,,,,,
, $33.00 ,TAHE', $71.00 ,,,,,,,,,,,,,,,,,,,,,,,,,,,,,
, $105.00 ,FELIX, $30.00 ,,,,,,,,,,,,,,,,,,,,,,,,,,,,,
,,,,,,,,,,,,,,,,,,,,,,,,,,,,,,,,
,,,,,,,,,,,,,,,,,,,,,,,,,,,,,,,,
,,,,,,,,,,,,,,,,,,,,,,,,,,,,,,,,
,,,,,,,,,,,,,,,,,,,,,,,,,,,,,,,,
4/22/2024, $13.00 ,orig jb,,,,,,,,,,,,,,,,,,,,,,,,,,,,,,
, $20.00 ,con, $16.00 ,oil,,,,,,,,,,,,,,,,,,,,,,,,,,,,
,,,,,,,,,,,,,,,,,,,,,,,,,,,,,,,,
,,,,,,,,,,,,,,,,,,,,,,,,,,,,,,,,
4/26/2024,,, $18.00 ,spray,,,,,,,,,,,,,,,,,,,,,,,,,,,,
,,, $60.00 ,tahe bonder,,,,,,,,,,,,,,,,,,,,,,,,,,,,
,,polbo, $10.00 ,,,,,,,,,,,,,,,,,,,,,,,,,,,,,
,,crema, $18.00 ,,,,,,,,,,,,,,,,,,,,,,,,,,,,,
, $15.00 ,gel mode jb,,,,,,,,,,,,,,,,,,,,,,,,,,,,,,
, $18.00 ,mousse,,,,,,,,,,,,,,,,,,,,,,,,,,,,,,
, $10.00 ,gel mode jb,,,,,,,,,,,,,,,,,,,,,,,,,,,,,,
, $16.00 ,jonyby,,,,,,,,,,,,,,,,,,,,,,,,,,,,,,
,, mouse , $18.00 ,,4 00 pm,lesther,,,,,,,,,,,,,,,,,,,,,,,,,,
,,,,,,,,,,,,,,,,,,,,,,,,,,,,,,,,
,,,,,,,,,,,,,,,,,,,,,,,,,,,,,,,,
4/29/2024,,polvo jb, $10.00 ,,2.41pm,,,,,,,,,,,,,,,,,,,,,,,,,,,
, $92.00 ,FELIX , $150.00 ,,,,,,,,,,,,,,,,,,,,,,,,,,,,,
,,, $114.00 ,TAHE ,,,,,,,,,,,,,,,,,,,,,,,,,,,,
,,, $36.00 ,FLIX,,,,,,,,,,,,,,,,,,,,,,,,,,,,
,,,,,,,,,,,,,,,,,,,,,,,,,,,,,,,,
, M ,A, Y ,O,,,,,,,,,,,,,,,,,,,,,,,,,,,,
5/1/2024,,WAX KUL, $15.00 ,,,,,,,,,,,,,,,,,,,,,,,,,,,,,
, $13.00 ,CERA JB,,,,,,,,,,,,,,,,,,,,,,,,,,,,,,
, $10.00 ,pieneta,,,,,,,,,,,,,,,,,,,,,,,,,,,,,,
, $14.00 ,aciete tahe,,,,,,,,,,,,,,,,,,,,,,,,,,,,,,
,,gel azul , $10.00 ,,,,,,,,,,,,,,,,,,,,,,,,,,,,,
,,tahe, $75.00 ,,,,,,,,,,,,,,,,,,,,,,,,,,,,,
5/3/2024, $10.00 ,ST POW,,,,,,,,,,,,,,,,,,,,,,,,,,,,,,
, $13.00 ,POMADA,,,,,,,,,,,,,,,,,,,,,,,,,,,,,,
, $16.00 ,gel jb,,,,,,,,,,,,,,,,,,,,,,,,,,,,,,
,,beard, $13.00 ,,,,,,,,,,,,,,,,,,,,,,,,,,,,,
5/5/2024, $45.00 ,kit blumin,,,,,,,,,,,,,,,,,,,,,,,,,,,,,,
TOTAL, $121.00 ,, $113.00 ,,,,,,,,,,,,,,,,,,,,,,,,,,,,,
, $69.00 ,TAHE, $90.00 ,,,,,,,,,,,,,,,,,,,,,,,,,,,,,
, $52.00 ,FELIX , $23.00 ,,,,,,,,,,,,,,,,,,,,,,,,,,,,,
,,,,,,,,,,,,,,,,,,,,,,,,,,,,,,,,
,,,,,,,,,,,,,,,,,,,,,,,,,,,,,,,,
, CASH ,PRODCUTO,TARJETA,,,,,,,,,,,,,,,,,,,,,,,,,,,,,
5/6/2024, $10.00 ,GEL AZUL,,,,,,,,,,,,,,,,,,,,,,,,,,,,,,
,,,,,,,,,,,,,,,,,,,,,,,,,,,,,,,,
5/7/2024, $10.00 ,POLVO,,,,,,,,,,,,,,,,,,,,,,,,,,,,,,
,,,,,,,,,,,,,,,,,,,,,,,,,,,,,,,,
,,GEL AZUL, $16.00 ,,,,,,,,,,,,,,,,,,,,,,,,,,,,,
5/10/2024,,, $10.00 ,jinny b,,,,,,,,,,,,,,,,,,,,,,,,,,,,
,,,,,,,,,,,,,,,,,,,,,,,,,,,,,,,,
,,, $15.00 ,telarana,7.45,,,,,,,,,,,,,,,,,,,,,,,,,,,
5/11/2024,,, $16.00 ,gel,5:56,,,,,,,,,,,,,,,,,,,,,,,,,,,
,,,,,,,,,,,,,,,,,,,,,,,,,,,,,,,,
12 mayo , $63.00 ,aguacate 2 protector ,,,,,,,,,,,,,,,,,,,,,,,,,,,,,,
TOTAL, $83.00 ,, $57.00 ,,,,,,,,,,,,,,,,,,,,,,,,,,,,,
, $63.00 ,TAHE,,,,,,,,,,,,,,,,,,,,,,,,,,,,,,
, $20.00 ,FELIX, $57.00 ,,,,,,,,,,,,,,,,,,,,,,,,,,,,,
,,,,,,,,,,,,,,,,,,,,,,,,,,,,,,,,
,,,,,,,,,,,,,,,,,,,,,,,,,,,,,,,,
, CASH ,PRODCUTO,TARJETA,,,,,,,,,,,,,,,,,,,,,,,,,,,,,
5/13/2024, $15.00 ,gel,,,,,,,,,,,,,,,,,,,,,,,,,,,,,,
,,,,,,,,,,,,,,,,,,,,,,,,,,,,,,,,
5/14/2024, $12.00 ,gel p,,,,,,,,,,,,,,,,,,,,,,,,,,,,,,
5/15/2024,,polvo tex, $10.00 ,,,,,,,,,,,,,,,,,,,,,,,,,,,,,
, $18.00 ,moose,,,,,,,,,,,,,,,,,,,,,,,,,,,,,,
,,blumin mask, $25.00 ,,,,,,,,,,,,,,,,,,,,,,,,,,,,,
, $10.00 ,polvo tex,,,,,,,,,,,,,,,,,,,,,,,,,,,,,,
,,shampoo blumin, $25.00 ,,,,,,,,,,,,,,,,,,,,,,,,,,,,,
sabado, $15.00 ,jonyb,,,,,,,,,,,,,,,,,,,,,,,,,,,,,,
, $18.00 ,mask,,,,,,,,,,,,,,,,,,,,,,,,,,,,,,
, $15.00 ,spider wax,,,,,,,,,,,,,,,,,,,,,,,,,,,,,,
,,, $15.00 ,jby,3.11pm,,,,,,,,,,,,,,,,,,,,,,,,,,,
, $10.00 ,tx pow,,,,,,,,,,,,,,,,,,,,,,,,,,,,,,
, $10.00 ,polvo tex,,,,,,,,,,,,,,,,,,,,,,,,,,,,,,
TOTAL, $123.00 ,, $75.00 ,,,,,,,,,,,,,,,,,,,,,,,,,,,,,
, $36.00 ,TAHE, $50.00 ,,,,,,,,,,,,,,,,,,,,,,,,,,,,,
, $87.00 ,FELIX, $25.00 ,,,,,,,,,,,,,,,,,,,,,,,,,,,,,
,,,,,,,,,,,,,,,,,,,,,,,,,,,,,,,,
,,,,,,,,,,,,,,,,,,,,,,,,,,,,,,,,
, CASH ,PRODCUTO,TARJETA,,,,,,,,,,,,,,,,,,,,,,,,,,,,,
,,tahe, $80.00 ,,,,,,,,,,,,,,,,,,,,,,,,,,,,,
, $15.00 ,gel jb,,,,,,,,,,,,,,,,,,,,,,,,,,,,,,
,,mascarilla, $25.00 ,,,,,,,,,,,,,,,,,,,,,,,,,,,,,
, $15.00 ,gel mode jb,,,,,,,,,,,,,,,,,,,,,,,,,,,,,,
5/25/2024, $16.00 ,del azul ,,,,,,,,,,,,,,,,,,,,,,,,,,,,,,
,,aciete, $14.00 ,,,,,,,,,,,,,,,,,,,,,,,,,,,,,
, $15.00 ,gelmorad,,,,,,,,,,,,,,,,,,,,,,,,,,,,,,
, $16.00 ,gel,,,,,,,,,,,,,,,,,,,,,,,,,,,,,,
, $45.00 ,sahm y mask,,,,,,,,,,,,,,,,,,,,,,,,,,,,,,
5/26/2024, $15.00 ,gel verde,,,,,,,,,,,,,,,,,,,,,,,,,,,,,,
,,GRL, $15.00 ,,,,,,,,,,,,,,,,,,,,,,,,,,,,,
TOTAL, $137.00 ,, $134.00 ,,,,,,,,,,,,,,,,,,,,,,,,,,,,,
, $45.00 ,TAHE, $134.00 ,,,,,,,,,,,,,,,,,,,,,,,,,,,,,
, $92.00 ,FELIX,,,,,,,,,,,,,,,,,,,,,,,,,,,,,,
,,,,,,,,,,,,,,,,,,,,,,,,,,,,,,,,
,,,,,,,,,,,,,,,,,,,,,,,,,,,,,,,,
, CASH ,PRODCUTO,TARJETA,,,,,,,,,,,,,,,,,,,,,,,,,,,,,
5.28.2024, $15.00 ,gel purple jb,,,,,,,,,,,,,,,,,,,,,,,,,,,,,,
,,gel azul, $32.00 ,,,,,,,,,,,,,,,,,,,,,,,,,,,,,
, $18.00 ,MOUSE,,,,,,,,,,,,,,,,,,,,,,,,,,,,,,
,,, $10.00 ,,12 06 PM,,,,,,,,,,,,,,,,,,,,,,,,,,,
,,,,,,,,,,,,,,,,,,,,,,,,,,,,,,,,
6/2/2024, $15.00 ,refi gel,,,,,,,,,,,,,,,,,,,,,,,,,,,,,,
, $10.00 ,POLVO,,,,,,,,,,,,,,,,,,,,,,,,,,,,,,
, $15.00 ,polvo,,,,,,,,,,,,,,,,,,,,,,,,,,,,,,
, $15.00 ,wax gel,,,,,,,,,,,,,,,,,,,,,,,,,,,,,,
TOTAL, $88.00 ,, $42.00 ,,,,,,,,,,,,,,,,,,,,,,,,,,,,,
, $33.00 ,TAHE,,,,,,,,,,,,,,,,,,,,,,,,,,,,,,
, $55.00 ,FELIX, $42.00 ,,,,,,,,,,,,,,,,,,,,,,,,,,,,,
,,,,,,,,,,,,,,,,,,,,,,,,,,,,,,,,
,,,,,,,,,,,,,,,,,,,,,,,,,,,,,,,,
,,,,,,,,,,,,,,,,,,,,,,,,,,,,,,,,
, CASH ,PRODCUTO,TARJETA,,,,,,,,,,,,,,,,,,,,,,,,,,,,,
6/6/2024,,,,,,,,,,,,,,,,,,,,,,,,,,,,,,,,
, $15.00 ,agiva,,,,,,,,,,,,,,,,,,,,,,,,,,,,,,
,,TAHE, $65.00 ,,,,,,,,,,,,,,,,,,,,,,,,,,,,,
,,,,,,,,,,,,,,,,,,,,,,,,,,,,,,,,
,,POLVO LV3, $14.00 ,7.22PM,,,,,,,,,,,,,,,,,,,,,,,,,,,,
,,TAHE, $75.00 ,,,,,,,,,,,,,,,,,,,,,,,,,,,,,
,,gel, $15.00 ,,,,,,,,,,,,,,,,,,,,,,,,,,,,,
6/7/2024, $18.00 ,crem thE,,,,,,,,,,,,,,,,,,,,,,,,,,,,,,
,,tahe, $18.00 ,,elkindmiel,,7.29pm,,,,,,,,,,,,,,,,,,,,,,,,,
,,polvo, $14.00 ,,,,,,,,,,,,,,,,,,,,,,,,,,,,,
6/824,,gel, $15.00 ,,10.4,,,,,,,,,,,,,,,,,,,,,,,,,,,
,,cera, $13.00 , ,12.30pm,,,,,,,,,,,,,,,,,,,,,,,,,,,
6/9/2024, $15.00 ,geljby,,,,,,,,,,,,,,,,,,,,,,,,,,,,,,
, $18.00 ,mouse ,,,,,,,,,,,,,,,,,,,,,,,,,,,,,,
TOTAL, $66.00 ,, $229.00 ,,,,,,,,,,,,,,,,,,,,,,,,,,,,,
, $51.00 ,TAHE, $158.00 ,,,,,,,,,,,,,,,,,,,,,,,,,,,,,
, $15.00 ,FELIX, $71.00 ,,,,,,,,,,,,,,,,,,,,,,,,,,,,,
,,,,,,,,,,,,,,,,,,,,,,,,,,,,,,,,
, CASH ,PRODCUTO,TARJETA,,,,,,,,,,,,,,,,,,,,,,,,,,,,,
, $15.00 ,gel jb,,,,,,,,,,,,,,,,,,,,,,,,,,,,,,
,,gel jb, $15.00 ,3.27pm,,,,,,,,,,,,,,,,,,,,,,,,,,,,
, $13.00 ,jb,,,,,,,,,,,,,,,,,,,,,,,,,,,,,,
, $18.00 ,pienetas,,,,,,,,,,,,,,,,,,,,,,,,,,,,,,
,,pienetas, $25.00 ,,,,,,,,,,,,,,,,,,,,,,,,,,,,,
,,,,,,,,,,,,,,,,,,,,,,,,,,,,,,,,
,,,,,,,,,,,,,,,,,,,,,,,,,,,,,,,,
,,,,,,,,,,,,,,,,,,,,,,,,,,,,,,,,
, $15.00 ,gel jb,,,,,,,,,,,,,,,,,,,,,,,,,,,,,,
, $20.00 ,ACONDI,,,,,,,,,,,,,,,,,,,,,,,,,,,,,,
,,, $38.00 ,,,,,,,,,,,,,,,,,,,,,,,,,,,,,
TOTAL, $81.00 ,, $78.00 ,,,,,,,,,,,,,,,,,,,,,,,,,,,,,
, $38.00 ,TAHE, $40.00 ,,,,,,,,,,,,,,,,,,,,,,,,,,,,,
, $43.00 ,FELIX, $38.00 ,,,,,,,,,,,,,,,,,,,,,,,,,,,,,
,,,,,,,,,,,,,,,,,,,,,,,,,,,,,,,,
,,,,,,,,,,,,,,,,,,,,,,,,,,,,,,,,
,,,,,,,,,,,,,,,,,,,,,,,,,,,,,,,,
, CASH ,PRODCUTO,TARJETA,,,,,,,,,,,,,,,,,,,,,,,,,,,,,
6/17/2024,,, $13.00 ,st cream,,,,,,,,,,,,,,,,,,,,,,,,,,,,
, $25.00 ,blumin,,,,,,,,,,,,,,,,,,,,,,,,,,,,,,
6/18/2024, $14.00 ,polvo,,,,,,,,,,,,,,,,,,,,,,,,,,,,,,
,,gel jb, $15.00 ,,,,,,,,,,,,,,,,,,,,,,,,,,,,,
,,gel jb, $15.00 ,,,,,,,,,,,,,,,,,,,,,,,,,,,,,
, $10.00 ,tahee,,,,,,,,,,,,,,,,,,,,,,,,,,,,,,
, $18.00 ,spray,,,,,,,,,,,,,,,,,,,,,,,,,,,,,,
, $45.00 ,tahee,,,,,,,,,,,,,,,,,,,,,,,,,,,,,,
, $15.00 ,gentle rep,,,,,,,,,,,,,,,,,,,,,,,,,,,,,,
,,, $18.00 ,,mouse,2 48 pm,,,,,,,,,,,,,,,,,,,,,,,,,,
, $127.00 ,, $61.00 ,FELIX,,,,,,,,,,,,,,,,,,,,,,,,,,,,
, $113.00 ,TAHE ,,,,,,,,,,,,,,,,,,,,,,,,,,,,,,
, $14.00 ,FELIX ,,,,,,,,,,,,,,,,,,,,,,,,,,,,,,
,,,,,,,,,,,,,,,,,,,,,,,,,,,,,,,,
,,,,,,,,,,,,,,,,,,,,,,,,,,,,,,,,
, CASH ,PRODCUTO,TARJETA,,,,,,,,,,,,,,,,,,,,,,,,,,,,,
6/25/2024, $15.00 ,wax agiba,,,,,,,,,,,,,,,,,,,,,,,,,,,,,,
, $15.00 ,hair spray,,,,,,,,,,,,,,,,,,,,,,,,,,,,,,
26-Jun, $65.00 ,tahe ,,,,,,,,,,,,,,,,,,,,,,,,,,,,,,
6/28/2024, $14.00 ,acite,,,,,,,,,,,,,,,,,,,,,,,,,,,,,,
,,aciete, $14.00 ,,,,,,,,,,,,,,,,,,,,,,,,,,,,,
, $60.00 ,tahe,,,,,,,,,,,,,,,,,,,,,,,,,,,,,,
6/29/2024, $13.00 ,cera jb,,,,,,,,,,,,,,,,,,,,,,,,,,,,,,
,,cera jb, $16.00 ,jb 10;48,,,,,,,,,,,,,,,,,,,,,,,,,,,,
, $35.00 ,shampoo felps,,,,,,,,,,,,,,,,,,,,,,,,,,,,,,
, $13.00 ,cera jb,,,,,,,,,,,,,,,,,,,,,,,,,,,,,,
,,, $15.00 ,GEL,6:31,,,,,,,,,,,,,,,,,,,,,,,,,,,
, $14.00 ,polvo,,,,,,,,,,,,,,,,,,,,,,,,,,,,,,
, $10.00 ,polvo,,,,,,,,,,,,,,,,,,,,,,,,,,,,,,
TOTAL, $254.00 ,, $45.00 ,,,,,,,,,,,,,,,,,,,,,,,,,,,,,
, $174.00 ,TAHE, $14.00 ,,,,,,,,,,,,,,,,,,,,,,,,,,,,,
, $80.00 ,FELIX, $31.00 ,,,,,,,,,,,,,,,,,,,,,,,,,,,,,
,,,,,,,,,,,,,,,,,,,,,,,,,,,,,,,,
,,,,,,,,,,,,,,,,,,,,,,,,,,,,,,,,
, CASH ,PRODCUTO,TARJETA,,,,,,,,,,,,,,,,,,,,,,,,,,,,,
7/2/2024,,, $14.00 ,color,12:59,,,,,,,,,,,,,,,,,,,,,,,,,,,
, $80.00 ,TAHE,,,,,,,,,,,,,,,,,,,,,,,,,,,,,,
4-Jul,,firenz, $25.00 ,1;38,,,,,,,,,,,,,,,,,,,,,,,,,,,,
7/5/2024, $10.00 ,polvo,,,,,,,,,,,,,,,,,,,,,,,,,,,,,,
,,, $25.00 ,BLIMIN,12:33,, ,2 dollar ,,,,,,,,,,,,,,,,,,,,,,,,
,,, $15.00 ,JB MOR,,,,,,,,,,,,,,,,,,,,,,,,,,,,
7/5/2024,,POLVO GRANDE , $15.00 ,,3:07,,,,,,,,,,,,,,,,,,,,,,,,,,,
, $15.00 ,GEL, $25.00 ,FIRZN ,ZELL ,,,,,,,,,,,,,,,,,,,,,,,,,,,
6-Jul, $45.00 ,flix , $18.00 ,muss,1;17,,,,,,,,,,,,,,,,,,,,,,,,,,,
, $18.00 ,crem thae,,,,,,,,,,,,,,,,,,,,,,,,,,,,,,
,,, $10.00 ,styp,5:26,,,,,,,,,,,,,,,,,,,,,,,,,,,
,,POLVO, $14.00 ,,,,,,,,,,,,,,,,,,,,,,,,,,,,,
, $168.00 ,, $161.00 ,,,,,,,,,,,,,,,,,,,,,,,,,,,,,
, $80.00 ,TAHE , $43.00 ,TAHE ,,,,,,,,,,,,,,,,,,,,,,,,,,,,
, $88.00 ,FELIX , $118.00 ,FLIX ,,,,,,,,,,,,,,,,,,,,,,,,,,,,
,,,,,,,,,,,,,,,,,,,,,,,,,,,,,,,,
,,,,,,,,,,,,,,,,,,,,,,,,,,,,,,,,
7/8/2024, $15.00 ,telarana,,,,,,,,,,,,,,,,,,,,,,,,,,,,,,
,,, $18.00 ,muss,6.26,,,,,,,,,,,,,,,,,,,,,,,,,,,
,,,,,,,,,,,,,,,,,,,,,,,,,,,,,,,,
7.10.2024,,,,,,,,,,,,,,,,,,,,,,,,,,,,,,,,
, $16.00 ,CERA AGIVA ,,,,,,,,,,,,,,,,,,,,,,,,,,,,,,
,,,,,,,,,,,,,,,,,,,,,,,,,,,,,,,,
7.12, $15.00 ,gel jb,,,,,,,,,,,,,,,,,,,,,,,,,,,,,,
, $25.00 ,chapooblumin,,,,,,,,,,,,,,,,,,,,,,,,,,,,,,
,,,,,,,,,,,,,,,,,,,,,,,,,,,,,,,,
,,,,,,,,,,,,,,,,,,,,,,,,,,,,,,,,
, CASH ,PRODCUTO,TARJETA,,,,,,,,,,,,,,,,,,,,,,,,,,,,,
13-Jul, $20.00 ,crema ,,,,,,,,,,,,,,,,,,,,,,,,,,,,,,
, $18.00 ,,,,,,,,,,,,,,,,,,,,,,,,,,,,,,,
, $15.00 ,wax,,,,,,,,,,,,,,,,,,,,,,,,,,,,,,
, $18.00 ,acite,,,,,,,,,,,,,,,,,,,,,,,,,,,,,,
, $142.00 ,, $18.00 ,TAHE ,,,,,,,,,,,,,,,,,,,,,,,,,,,,
, 81.00 ,TAHE ,,,,,,,,,,,,,,,,,,,,,,,,,,,,,,
, 61.00 ,,,,,,,,,,,,,,,,,,,,,,,,,,,,,,,
7/15/2024, $30.00 ,polvo cera,,,,,,,,,,,,,,,,,,,,,,,,,,,,,,
,,,,,,,,,,,,,,,,,,,,,,,,,,,,,,,,
, CASH ,PRODCUTO,TARJETA,,,,,,,,,,,,,,,,,,,,,,,,,,,,,
,,cra kull, $16.00 ,4;6,,,,,,,,,,,,,,,,,,,,,,,,,,,,
, $15.00 ,gel,,,,,,,,,,,,,,,,,,,,,,,,,,,,,,
,,tah , $45.00 ,6;56 ,,,,,,,,,,,,,,,,,,,,,,,,,,,,
,,,,,,,,,,,,,,,,,,,,,,,,,,,,,,,,
07 19 24,,power style, $10.00 ,,12 02 pm,lesther,,,,,,,,,,,,,,,,,,,,,,,,,,
7/19/2024,,, $16.00 ,,2:28,,,,,,,,,,,,,,,,,,,,,,,,,,,
,,pawer, $25.00 ,5;30,,,,,,,,,,,,,,,,,,,,,,,,,,,,
, $15.00 ,gel morado,,,,,,,,,,,,,,,,,,,,,,,,,,,,,,
,,POWE STYLE, $10.00 ,,,,,,,,,,,,,,,,,,,,,,,,,,,,,
,,WAX GEL,15,,,,,,,,,,,,,,,,,,,,,,,,,,,,,
23-Jul, $16.00 ,WAX GEL ,,,,,,,,,,,,,,,,,,,,,,,,,,,,,,
,,,,,,,,,,,,,,,,,,,,,,,,,,,,,,,,
7/21/2024,,,,,,,,,,,,,,,,,,,,,,,,,,,,,,,,
, $15.00 ,arana,,,,,,,,,,,,,,,,,,,,,,,,,,,,,,
, $61.00 ,FELIX, $137.00 ,,,,,,,,,,,,,,,,,,,,,,,,,,,,,
,,, $45.00 ,TAHE ,,,,,,,,,,,,,,,,,,,,,,,,,,,,
,,, $92.00 ,FLIX,,,,,,,,,,,,,,,,,,,,,,,,,,,,
,,,,,,,,,,,,,,,,,,,,,,,,,,,,,,,,
, CASH ,PRODCUTO,TARJETA,,,,,,,,,,,,,,,,,,,,,,,,,,,,,
,,,,,,,,,,,,,,,,,,,,,,,,,,,,,,,,
7.26.24, $20.00 ,gel jb big,,,,,,,,,,,,,,,,,,,,,,,,,,,,,,
, $20.00 ,frienze,,,,,,,,,,,,,,,,,,,,,,,,,,,,,,
,,tahe, $16.00 ,,,,,,,,,,,,,,,,,,,,,,,,,,,,,
7.27.2024, $10.00 ,polvo texture,,,,,,,,,,,,,,,,,,,,,,,,,,,,,,
,,gel jb , $15.00 ,,,,,,,,,,,,,,,,,,,,,,,,,,,,,
, $16.00 , wax 02 ,,,,,,,,,,,,,,,,,,,,,,,,,,,,,,
7/28/2024, $10.00 ,gel jb,,,,,,,,,,,,,,,,,,,,,,,,,,,,,,
, $13.00 ,jb wax,,,,,,,,,,,,,,,,,,,,,,,,,,,,,,
,,, $20.00 ,2.47,,,,,,,,,,,,,,,,,,,,,,,,,,,,
TOTAL, $89.00 ,0, $51.00 ,,,,,,,,,,,,,,,,,,,,,,,,,,,,,
,,tahe, $36.00 ,,,,,,,,,,,,,,,,,,,,,,,,,,,,,
, $89.00 ,FELIX , $15.00 ,,,,,,,,,,,,,,,,,,,,,,,,,,,,,
,,,,,,,,,,,,,,,,,,,,,,,,,,,,,,,,
, CASH ,PRODCUTO,TARJETA,,,,,,,,,,,,,,,,,,,,,,,,,,,,,
,,, $18.00 ,mouse,12:03,,,,,,,,,,,,,,,,,,,,,,,,,,,
,,polvo textura, $15.00 ,,7:21,,,,,,,,,,,,,,,,,,,,,,,,,,,
,,gel, $16.00 ,,,,,,,,,,,,,,,,,,,,,,,,,,,,,
8/1/2024, $15.00 ,gel,,,,,,,,,,,,,,,,,,,,,,,,,,,,,,
,,cera , $15.00 ,,2:25,,,,,,,,,,,,,,,,,,,,,,,,,,,
,,cera , $15.00 ,,2:26,,,,,,,,,,,,,,,,,,,,,,,,,,,
,,gej jb blu, $16.00 ,,,,,,,,,,,,,,,,,,,,,,,,,,,,,
, $2.00 ,,,,,,,,,,,,,,,,,,,,,,,,,,,,,,,
,,, $8.00 ,adorno/ monse,,,,,,,,,,,,,,,,,,,,,,,,,,,,
, $8.00 ,polvo wil,,,,,,,,,,,,,,,,,,,,,,,,,,,,,,
,,,,,,,,,,,,,,,,,,,,,,,,,,,,,,,,
,,, $15.00 ,plvo,monse,,,,,,,,,,,,,,,,,,,,,,,,,,,
,,,,,,,,,,,,,,,,,,,,,,,,,,,,,,,,
, $25.00 ,FLIX , $118.00 ,,,,,,,,,,,,,,,,,,,,,,,,,,,,,
,,, $26.00 ,TAH ,,,,,,,,,,,,,,,,,,,,,,,,,,,,
,,, $92.00 ,FELIX ,,,,,,,,,,,,,,,,,,,,,,,,,,,,
,,,,,,,,,,,,,,,,,,,,,,,,,,,,,,,,
, CASH ,PRODCUTO,TARJETA,,,,,,,,,,,,,,,,,,,,,,,,,,,,,
8/5/2024,,, $15.00 ,polvo,monse,12:14,,,,,,,,,,,,,,,,,,,,,,,,,,
, $15.00 ,polvo,,,,,,,,,,,,,,,,,,,,,,,,,,,,,,
, $15.00 ,GEL MORADO,,,,,,,,,,,,,,,,,,,,,,,,,,,,,,
,,, $15.00 ,grl morado,jacki,6:31,,,,,,,,,,,,,,,,,,,,,,,,,,
, $15.00 ,polvo,,,,,,,,,,,,,,,,,,,,,,,,,,,,,,
,,, $15.00 ,gel jb,,,,,,,,,,,,,,,,,,,,,,,,,,,,
, $14.00 ,acite tahe,,,,,,,,,,,,,,,,,,,,,,,,,,,,,,
, $25.00 ,blumin maskl ,,,,,,,,,,,,,,,,,,,,,,,,,,,,,,
9-Aug,,tah , $15.00 ,,1;01,,,,,,,,,,,,,,,,,,,,,,,,,,,
,,, $75.00 ,gold mask y sha,,3:43,,,,,,,,,,,,,,,,,,,,,,,,,,
, $15.00 ,gel jb purple,,,,,,,,,,,,,,,,,,,,,,,,,,,,,,
, $15.00 ,polvo,,,,,,,,,,,,,,,,,,,,,,,,,,,,,,
, $15.00 ,polvo,,,,,,,,,,,,,,,,,,,,,,,,,,,,,,
, $15.00 ,jb gel,,,,,,,,,,,,,,,,,,,,,,,,,,,,,,
,,gel jb purple, $15.00 ,,3 58 pm,,lesther,,,,,,,,,,,,,,,,,,,,,,,,,
TOTAL, $144.00 ,, $150.00 ,,,,,,,,,,,,,,,,,,,,,,,,,,,,,
, $39.00 ,THAE , $90.00 ,,,,,,,,,,,,,,,,,,,,,,,,,,,,,
, $105.00 ,FELIX , $60.00 ,,,,,,,,,,,,,,,,,,,,,,,,,,,,,
,,,,,,,,,,,,,,,,,,,,,,,,,,,,,,,,
,,,,,,,,,,,,,,,,,,,,,,,,,,,,,,,,
12-Aug, $15.00 ,gel morado,,,,,,,,,,,,,,,,,,,,,,,,,,,,,,
, $25.00 ,shampoo tahe,,,,,,,,,,,,,,,,,,,,,,,,,,,,,,
,,,,,,,,,,,,,,,,,,,,,,,,,,,,,,,,
,,,,,,,,,,,,,,,,,,,,,,,,,,,,,,,,
,,tah , $45.00 ,,,,,,,,,,,,,,,,,,,,,,,,,,,,,
17-Aug, $18.00 ,moose,,,,,,,,,,,,,,,,,,,,,,,,,,,,,,
, $12.00 ,flx,,,,,,,,,,,,,,,,,,,,,,,,,,,,,,
, $16.00 ,jb ,,,,,,,,,,,,,,,,,,,,,,,,,,,,,,
, $15.00 ,gel wil,,,,,,,,,,,,,,,,,,,,,,,,,,,,,,
, $18.00 ,mouse,,,,,,,,,,,,,,,,,,,,,,,,,,,,,,
, $15.00 ,angel,,,,,,,,,,,,,,,,,,,,,,,,,,,,,,
, $16.00 ,gel jb,,,,,,,,,,,,,,,,,,,,,,,,,,,,,,
, $15.00 ,gel , $15.00 ,sty pow,4:58, R,,,,,,,,,,,,,,,,,,,,,,,,,,
,,, $45.00 ,tahe  ,2;31,,,,,,,,,,,,,,,,,,,,,,,,,,,
, $165.00 ,, $105.00 ,,,,,,,,,,,,,,,,,,,,,,,,,,,,,
, $36.00 ,tahe , $90.00 ,tahe  ,,,,,,,,,,,,,,,,,,,,,,,,,,,,
, $129.00 ,flix , $15.00 ,flix ,,,,,,,,,,,,,,,,,,,,,,,,,,,,
,,,,,,,,,,,,,,,,,,,,,,,,,,,,,,,,
,,,,,,,,,,,,,,,,,,,,,,,,,,,,,,,,
, CASH ,PRODCUTO,TARJETA,,,,,,,,,,,,,,,,,,,,,,,,,,,,,
19-Aug, $25.00 ,MASCARILLA,,,,,,,,,,,,,,,,,,,,,,,,,,,,,,
,,,,,,,,,,,,,,,,,,,,,,,,,,,,,,,,
20-Aug, $7.00 ,gel ngro jacki,,,,,,,,,,,,,,,,,,,,,,,,,,,,,,
, $10.00 ,gel,,,,,,,,,,,,,,,,,,,,,,,,,,,,,,
22-Aug,,, $15.00 ,GEL JB,,,,,,,,,,,,,,,,,,,,,,,,,,,,
23-Aug, $45.00 , duo sham tae ,,,,,,,,,,,,,,,,,,,,,,,,,,,,,,
, $15.00 ,powder,,,,,,,,,,,,,,,,,,,,,,,,,,,,,,
,,cera, $15.00 ,,,,,,,,,,,,,,,,,,,,,,,,,,,,,
25-Aug, $15.00 ,jb gel,,,,,,,,,,,,,,,,,,,,,,,,,,,,,,
TOTAL, $117.00 ,, $30.00 ,,,,,,,,,,,,,,,,,,,,,,,,,,,,,
, $70.00 ,tahe ,,,,,,,,,,,,,,,,,,,,,,,,,,,,,,
, $47.00 ,FELIX, $30.00 ,,,,,,,,,,,,,,,,,,,,,,,,,,,,,
,,,,,,,,,,,,,,,,,,,,,,,,,,,,,,,,
26-Aug,,, $15.00 ,moouse,3:42,,,,,,,,,,,,,,,,,,,,,,,,,,,
, $15.00 ,STYPOW,,,,,,,,,,,,,,,,,,,,,,,,,,,,,,
,,,,,,,,,,,,,,,,,,,,,,,,,,,,,,,,
28-Aug,,,,,,,,,,,,,,,,,,,,,,,,,,,,,,,,
,,cera agiva, $15.00 ,,4.41,,,,,,,,,,,,,,,,,,,,,,,,,,,
,,flix , $50.00 ,7;24,,,,,,,,,,,,,,,,,,,,,,,,,,,,
, $8.00 ,CERA   ,,,,,,,,,,,,,,,,,,,,,,,,,,,,,,
CERA, $15.00 ,,,,,,,,,,,,,,,,,,,,,,,,,,,,,,,
,,,,,,,,,,,,,,,,,,,,,,,,,,,,,,,,
, $15.00 ,jb gel,,,,,,,,,,,,,,,,,,,,,,,,,,,,,,
1-Sep, $15.00 ,gell ,,,,,,,,,,,,,,,,,,,,,,,,,,,,,,
, $24.00 ,POWER ,,,,,,,,,,,,,,,,,,,,,,,,,,,,,,
, $15.00 ,polvo,,,,,,,,,,,,,,,,,,,,,,,,,,,,,,
,,,,,,,,,,,,,,,,,,,,,,,,,,,,,,,,
2-Sep, $18.00 ,mouse,,,,,,,,,,,,,,,,,,,,,,,,,,,,,,
, $125.00 ,, $80.00 ,,,,,,,,,,,,,,,,,,,,,,,,,,,,,
,,, $30.00 ,flix ,,,,,,,,,,,,,,,,,,,,,,,,,,,,
,,, $50.00 ,tahe  ,,,,,,,,,,,,,,,,,,,,,,,,,,,,
,,,,,,,,,,,,,,,,,,,,,,,,,,,,,,,,
,,,,,,,,,,,,,,,,,,,,,,,,,,,,,,,,
, CASH ,PRODCUTO,TARJETA,,,,,,,,,,,,,,,,,,,,,,,,,,,,,
3-Sep, $22.00 ,flix,,,,,,,,,,,,,,,,,,,,,,,,,,,,,,
, $8.00 ,tahe,,,,,,,,,,,,,,,,,,,,,,,,,,,,,,
,,tahe , $60.00 ,,,,,,,,,,,,,,,,,,,,,,,,,,,,,
9/5/2024,,polvo lev3l, $15.00 ,,,,,,,,,,,,,,,,,,,,,,,,,,,,,
,,geltah, $15.00 ,5;16,,,,,,,,,,,,,,,,,,,,,,,,,,,,
,,jb, $31.00 ,,7;22,,,,,,,,,,,,,,,,,,,,,,,,,,,
, $15.00 ,level ,,,,,,,,,,,,,,,,,,,,,,,,,,,,,,
,,sprai color, $15.00 ,7;46,,,,,,,,,,,,,,,,,,,,,,,,,,,,
, $60.00 ,tahe ,,,,,,,,,,,,,,,,,,,,,,,,,,,,,,
,,,,,,,,,,,,,,,,,,,,,,,,,,,,,,,,
, $15.00 ,polvo agiva blac,,,,,,,,,,,,,,,,,,,,,,,,,,,,,,
,,,,,,,,,,,,,,,,,,,,,,,,,,,,,,,,
, $15.00 ,agiva matte,,,,,,,,,,,,,,,,,,,,,,,,,,,,,,
,,, $35.00 ,tah 2;53,,,,,,,,,,,,,,,,,,,,,,,,,,,,
, $8.00 ,gel,,,,,,,,,,,,,,,,,,,,,,,,,,,,,,
TOTAL, $143.00 ,, $171.00 ,,,,,,,,,,,,,,,,,,,,,,,,,,,,,
, $68.00 ,TAEH, $95.00 ,,,,,,,,,,,,,,,,,,,,,,,,,,,,,
, $75.00 ,FELIX, $76.00 ,,,,,,,,,,,,,,,,,,,,,,,,,,,,,
,,,,,,,,,,,,,,,,,,,,,,,,,,,,,,,,
,,,,,,,,,,,,,,,,,,,,,,,,,,,,,,,,
9-Sep,,, $13.00 ,molde past,,5:18,,,,,,,,,,,,,,,,,,,,,,,,,,
,,,,,,,,,,,,,,,,,,,,,,,,,,,,,,,,
,,,,,,,,,,,,,,,,,,,,,,,,,,,,,,,,
10-Sep, $30.00 ,minoxidil ,,,,,,,,,,,,,,,,,,,,,,,,,,,,,,
12 septenber,,, $15.00 ,gel ,,,,,,,,,,,,,,,,,,,,,,,,,,,,
, $200.00 ,maquina felix,,,,,,,,,,,,,,,,,,,,,,,,,,,,,,
, $25.00 ,minoxidil,,,,,,,,,,,,,,,,,,,,,,,,,,,,,,
,,, $50.00 ,minox gel negrp,,,,,,,,,,,,,,,,,,,,,,,,,,,,
, $15.00 ,gel jb,,,,,,,,,,,,,,,,,,,,,,,,,,,,,,
,,, $22.00 ,jb,,,,,,,,,,,,,,,,,,,,,,,,,,,,
,,, $35.00 ,byby ,bybym ,,,,,,,,,,,,,,,,,,,,,,,,,,,
,,, $8.00 ,jb,,,,,,,,,,,,,,,,,,,,,,,,,,,,
, $270.00 ,, $143.00 ,,,,,,,,,,,,,,,,,,,,,,,,,,,,,
, $55.00 ,TAHE , $85.00 ,TAH,,,,,,,,,,,,,,,,,,,,,,,,,,,,
, $215.00 ,FELIX , $58.00 , ,,,,,,,,,,,,,,,,,,,,,,,,,,,,
,,,,,,,,,,,,,,,,,,,,,,,,,,,,,,,,
,,,,,,,,,,,,,,,,,,,,,,,,,,,,,,,,
17-Sep,,, $18.00 ,Tahe,12;27 l/l,,,,,,,,,,,,,,,,,,,,,,,,,,,
,,, $15.00 ,byb,3;34,,,,,,,,,,,,,,,,,,,,,,,,,,,
19-Sep, $25.00 ,minoxi ,,,,,,,,,,,,,,,,,,,,,,,,,,,,,,
, $15.00 ,gel verde, $25.00 ,aminox ,6;6,,,,,,,,,,,,,,,,,,,,,,,,,,,
,,polvi, $15.00 ,,,,,,,,,,,,,,,,,,,,,,,,,,,,,
20-Sep,,, $15.00 ,,2.06pm,,,,,,,,,,,,,,,,,,,,,,,,,,,
,,polv, $15.00 ,,2.47pm,,,,,,,,,,,,,,,,,,,,,,,,,,,
, $18.00 ,MOOSE, $15.00 ,,2:50,,,,,,,,,,,,,,,,,,,,,,,,,,,
,,polv, $15.00 ,,3.54pm,,,,,,,,,,,,,,,,,,,,,,,,,,,
21-Sep,,polvo, $15.00 ,,,,,,,,,,,,,,,,,,,,,,,,,,,,,
22-Sep, $15.00 ,gel,,,,,,,,,,,,,,,,,,,,,,,,,,,,,,
, $15.00 ,gel,,,,,,,,,,,,,,,,,,,,,,,,,,,,,,
,,, $65.00 ,tahe,,,,,,,,,,,,,,,,,,,,,,,,,,,,
,,, $12.00 ,g brillo,2:38,,,,,,,,,,,,,,,,,,,,,,,,,,,
, $8.00 ,grel,,,,,,,,,,,,,,,,,,,,,,,,,,,,,,
23-Sep, $15.00 ,polvo textura,,,,,,,,,,,,,,,,,,,,,,,,,,,,,,
, $18.00 ,spray fijador,,,,,,,,,,,,,,,,,,,,,,,,,,,,,,
TOTAL, $129.00 ,, $225.00 ,,,,,,,,,,,,,,,,,,,,,,,,,,,,,
, $61.00 ,tahe , $123.00 ,,,,,,,,,,,,,,,,,,,,,,,,,,,,,
, $68.00 ,FELIX , $102.00 ,,,,,,,,,,,,,,,,,,,,,,,,,,,,,
,,,,,,,,,,,,,,,,,,,,,,,,,,,,,,,,
,,,,,,,,,,,,,,,,,,,,,,,,,,,,,,,,
,,,,,,,,,,,,,,,,,,,,,,,,,,,,,,,,
, $40.00 ,aceite tohe 2,,,,,,,,,,,,,,,,,,,,,,,,,,,,,,
,,, $16.00 ,jb  2;30,,,,,,,,,,,,,,,,,,,,,,,,,,,,
,,,,,,,,,,,,,,,,,,,,,,,,,,,,,,,,
,,,,,,,,,,,,,,,,,,,,,,,,,,,,,,,,
, $18.00 ,muss,,,,,,,,,,,,,,,,,,,,,,,,,,,,,,
,,,,,,,,,,,,,,,,,,,,,,,,,,,,,,,,
,,,,,,,,,,,,,,,,,,,,,,,,,,,,,,,,
9/27/2024, $15.00 ,gb,,,,,,,,,,,,,,,,,,,,,,,,,,,,,,
viernes,,,,,,,,,,,,,,,,,,,,,,,,,,,,,,,,
,,, $15.00 ,cera spider,7:54,,,,,,,,,,,,,,,,,,,,,,,,,,,
,,, $15.00 ,GL BLANCO ,8;7,,,,,,,,,,,,,,,,,,,,,,,,,,,
, $5.00 ,PEINETA ,,,,,,,,,,,,,,,,,,,,,,,,,,,,,,
, $15.00 ,gel jb,,,,,,,,,,,,,,,,,,,,,,,,,,,,,,
,,gel jb, $15.00 ,,,,,,,,,,,,,,,,,,,,,,,,,,,,,
,,, $13.00 ,cera,,,,,,,,,,,,,,,,,,,,,,,,,,,,
, $18.00 ,lapiz,,,,,,,,,,,,,,,,,,,,,,,,,,,,,,
, $20.00 ,anticaspa,,,,,,,,,,,,,,,,,,,,,,,,,,,,,,
, $15.00 ,gel jb,,,,,,,,,,,,,,,,,,,,,,,,,,,,,,
, $146.00 ,, $74.00 ,flix,,,,,,,,,,,,,,,,,,,,,,,,,,,,
, $101.00 ,tahe ,,,,,,,,,,,,,,,,,,,,,,,,,,,,,,
, $(45.00),flix ,,,,,,,,,,,,,,,,,,,,,,,,,,,,,,
,,,,,,,,,,,,,,,,,,,,,,,,,,,,,,,,
,,,,,,,,,,,,,,,,,,,,,,,,,,,,,,,,
,,,,,,,,,,,,,,,,,,,,,,,,,,,,,,,,
fecha, CASH ,PRODCUTO,TARJETA,,,,,,,,,,,,,,,,,,,,,,,,,,,,,
10/3/2024, $15.00 ,jonyby,,,,,,,,,,,,,,,,,,,,,,,,,,,,,,
, $12.00 ,cera,,,,,,,,,,,,,,,,,,,,,,,,,,,,,,
, $15.00 ,spray,,,,,,,,,,,,,,,,,,,,,,,,,,,,,,
, $15.00 ,gel,,,,,,,,,,,,,,,,,,,,,,,,,,,,,,
,,cera, $13.00 ,,,,,,,,,,,,,,,,,,,,,,,,,,,,,
,,,,,,,,,,,,,,,,,,,,,,,,,,,,,,,,
fecha, CASH ,PRODCUTO,TARJETA,,,,,,,,,,,,,,,,,,,,,,,,,,,,,
10/4/2024, $15.00 ,jby,,,,,,,,,,,,,,,,,,,,,,,,,,,,,,
,,jby, $15.00 ,,,,,,,,,,,,,,,,,,,,,,,,,,,,,
,,,,,,,,,,,,,,,,,,,,,,,,,,,,,,,,
10/4/2024,,, $15.00 ,JB GEL,7:21,,,,,,,,,,,,,,,,,,,,,,,,,,,
TOTAL, $72.00 ,, $43.00 ,,,,,,,,,,,,,,,,,,,,,,,,,,,,,
,,tahe,,,,,,,,,,,,,,,,,,,,,,,,,,,,,,
, $72.00 ,felix, $43.00 ,,,,,,,,,,,,,,,,,,,,,,,,,,,,,
,,,,,,,,,,,,,,,,,,,,,,,,,,,,,,,,
,,,,,,,,,,,,,,,,,,,,,,,,,,,,,,,,
,,,,,,,,,,,,,,,,,,,,,,,,,,,,,,,,
,,, $30.00 ,tah ,,,,,,,,,,,,,,,,,,,,,,,,,,,,
9-Oct,,, $52.00 ,tahe 20%,,,,,,,,,,,,,,,,,,,,,,,,,,,,
,,,,,,,,,,,,,,,,,,,,,,,,,,,,,,,,
, $15.00 ,polvo lv3,,,3.19pm,,,,,,,,,,,,,,,,,,,,,,,,,,,
,,, $15.00 ,polvo,5:39,,,,,,,,,,,,,,,,,,,,,,,,,,,
,,,,,,,,,,,,,,,,,,,,,,,,,,,,,,,,
11-Oct, $16.00 ,jb gel,,,,,,,,,,,,,,,,,,,,,,,,,,,,,,
, $45.00 ,shammpo,,,,,,,,,,,,,,,,,,,,,,,,,,,,,,
, $45.00 ,tah ,,,,,,,,,,,,,,,,,,,,,,,,,,,,,,
,,,,,,,,,,,,,,,,,,,,,,,,,,,,,,,,
,,,,,,,,,,,,,,,,,,,,,,,,,,,,,,,,
,,,,,,,,,,,,,,,,,,,,,,,,,,,,,,,,
, $15.00 ,gel azul,,,9.37am,,,,,,,,,,,,,,,,,,,,,,,,,,,
13-Oct, $16.00 ,gel azul,,,10:58,,,,,,,,,,,,,,,,,,,,,,,,,,,
,,,,,,,,,,,,,,,,,,,,,,,,,,,,,,,,
,,,,,,,,,,,,,,,,,,,,,,,,,,,,,,,,
,,,,,,,,,,,,,,,,,,,,,,,,,,,,,,,,
10/13/2024, $15.00 ,,,11.09 am,,,,,,,,,,,,,,,,,,,,,,,,,,,,
,,,,,,,,,,,,,,,,,,,,,,,,,,,,,,,,
, $15.00 ,,,11:42,,,,,,,,,,,,,,,,,,,,,,,,,,,,
,,,,,,,,,,,,,,,,,,,,,,,,,,,,,,,,
, $15.00 ,,,,,,,,,,,,,,,,,,,,,,,,,,,,,,,
,,,,,,,,,,,,,,,,,,,,,,,,,,,,,,,,
,,,,,,,,,,,,,,,,,,,,,,,,,,,,,,,,
,,gel verde, $15.00 ,5:10,,,,,,,,,,,,,,,,,,,,,,,,,,,,
,,spider wax, $15.00 ,6:39,,,,,,,,,,,,,,,,,,,,,,,,,,,,
, $15.00 ,polvo,,7.43,,,,,,,,,,,,,,,,,,,,,,,,,,,,
,,,,,,,,,,,,,,,,,,,,,,,,,,,,,,,,
, $212.00 ,, $127.00 ,,,,,,,,,,,,,,,,,,,,,,,,,,,,,
,,, $82.00 ,TAH ,,,,,,,,,,,,,,,,,,,,,,,,,,,,
, $90.00 ,TAH , $45.00 ,FLIX ,,,,,,,,,,,,,,,,,,,,,,,,,,,,
, $122.00 ,FELIX ,,,,,,,,,,,,,,,,,,,,,,,,,,,,,,
,,,,,,,,,,,,,,,,,,,,,,,,,,,,,,,,
fecha, CASH ,PRODCUTO,TARJETA,,,,,,,,,,,,,,,,,,,,,,,,,,,,,
16-Oct,,,,,,,,,,,,,,,,,,,,,,,,,,,,,,,,
,,GEL MOR0, $15.00 ,3:52,,,,,,,,,,,,,,,,,,,,,,,,,,,,
,, GEL , $15.00 ,5 51 PM,,,,,,,,,,,,,,,,,,,,,,,,,,,,
,,black spray, $15.00 ,,,1 00 pm,,,,,,,,,,,,,,,,,,,,,,,,,,
17-Oct,,polvo , $15.00 ,6;32 ,,,,,,,,,,,,,,,,,,,,,,,,,,,,
,,blumin, $45.00 ,3:54,,,,,,,,,,,,,,,,,,,,,,,,,,,,
, $15.00 ,p tex,,,,,,,,,,,,,,,,,,,,,,,,,,,,,,
,,gotas flix , $15.00 ,6;48.,,,,,,,,,,,,,,,,,,,,,,,,,,,,
, $6.00 ,tahe,,,,,,,,,,,,,,,,,,,,,,,,,,,,,,
, $15.00 ,polvo,,1.28pm,,,,,,,,,,,,,,,,,,,,,,,,,,,,
,,gel, $15.00 ,6.04pm,,,,,,,,,,,,,,,,,,,,,,,,,,,,
20-Oct, $15.00 ,gel,,9;42,,,,,,,,,,,,,,,,,,,,,,,,,,,,
TOTAL, $51.00 ,, $135.00 ,,,,,,,,,,,,,,,,,,,,,,,,,,,,,
, $6.00 ,TAHE, $45.00 ,,,,,,,,,,,,,,,,,,,,,,,,,,,,,
, $45.00 ,FELIX , $90.00 ,,,,,,,,,,,,,,,,,,,,,,,,,,,,,
,,,,,,,,,,,,,,,,,,,,,,,,,,,,,,,,
,,,,,,,,,,,,,,,,,,,,,,,,,,,,,,,,
,,,,,,,,,,,,,,,,,,,,,,,,,,,,,,,,
, $15.00 ,cera azul l3,,,,,,,,,,,,,,,,,,,,,,,,,,,,,,
10/25/2024,,frizene, $20.00 ,,,,,,,,,,,,,,,,,,,,,,,,,,,,,
,,telarana, $15.00 ,3.30pm mon,,,,,,,,,,,,,,,,,,,,,,,,,,,,
,,telarana, $15.00 ,6.06pm,mon,,,,,,,,,,,,,,,,,,,,,,,,,,,
26-Oct,,jb, $15.00 ,10;33,,,,,,,,,,,,,,,,,,,,,,,,,,,,
,,tahe , $35.00 ,10;51,,,,,,,,,,,,,,,,,,,,,,,,,,,,
, $15.00 ,POLVO,,3.50PM,,,,,,,,,,,,,,,,,,,,,,,,,,,,
, $13.00 ,cera azul l3,,3:53,,,,,,,,,,,,,,,,,,,,,,,,,,,,
,,,,,,,,,,,,,,,,,,,,,,,,,,,,,,,,
10.26.24, $15.00 ,GEL PURPLE,,,,,,,,,,,,,,,,,,,,,,,,,,,,,,
,,cera azul, $15.00 ,2:33,,,,,,,,,,,,,,,,,,,,,,,,,,,,
, $58.00 ,, $115.00 ,,,,,,,,,,,,,,,,,,,,,,,,,,,,,
,,, $35.00 ,TAHE ,,,,,,,,,,,,,,,,,,,,,,,,,,,,
,,, $80.00 ,FLIX ,,,,,,,,,,,,,,,,,,,,,,,,,,,,
,,,,,,,,,,,,,,,,,,,,,,,,,,,,,,,,
,,,,,,,,,,,,,,,,,,,,,,,,,,,,,,,,
28-Oct, CASH ,, TARJETA ,,,,,,,,,,,,,,,,,,,,,,,,,,,,,
, $15.00 ,polvo textura,,3:28,,,,,,,,,,,,,,,,,,,,,,,,,,,,
,,, $15.00 ,6.00PM,,,,,,,,,,,,,,,,,,,,,,,,,,,,
, $15.00 ,,,6:31,,,,,,,,,,,,,,,,,,,,,,,,,,,,
, $15.00 ,,,6:43,,,,,,,,,,,,,,,,,,,,,,,,,,,,
TOTAL, $45.00 ,, $15.00 ,,,,,,,,,,,,,,,,,,,,,,,,,,,,,
,,,,,,,,,,,,,,,,,,,,,,,,,,,,,,,,
,,,,,,,,,,,,,,,,,,,,,,,,,,,,,,,,
FECHA, CASH ,PRODCUTO,TARJETA,,,,,,,,,,,,,,,,,,,,,,,,,,,,,
31-Oct, $15.00 ,fixme gel,,11.47am,,,,,,,,,,,,,,,,,,,,,,,,,,,,
31-Oct, $18.00 ,spray fijador,,12 55 pm,,,,,,,,,,,,,,,,,,,,,,,,,,,,
,,jb, $15.00 ,,,,,,,,,,,,,,,,,,,,,,,,,,,,,
,,, $45.00 ,2.4,,,,,,,,,,,,,,,,,,,,,,,,,,,,
2-Nov,,shampo, $20.00 ,11;20,,,,,,,,,,,,,,,,,,,,,,,,,,,,
,,,,,,,,,,,,,,,,,,,,,,,,,,,,,,,,
, $24.00 ,cremanaranj,,1.15pm,,,,,,,,,,,,,,,,,,,,,,,,,,,,
, $10.00 ,jb',,,,,,,,,,,,,,,,,,,,,,,,,,,,,,
, $8.00 ,spray,,,,,,,,,,,,,,,,,,,,,,,,,,,,,,
TOTAL, $75.00 ,, $80.00 ,,,,,,,,,,,,,,,,,,,,,,,,,,,,,
, $24.00 ,tahe , $45.00 ,,,,,,,,,,,,,,,,,,,,,,,,,,,,,
, $51.00 ,FELIX , $35.00 ,,,,,,,,,,,,,,,,,,,,,,,,,,,,,
,,,,,,,,,,,,,,,,,,,,,,,,,,,,,,,,
4-Nov, $8.00 ,gell,,12:17,,,,,,,,,,,,,,,,,,,,,,,,,,,,
, $7.00 ,powder,,,,,,,,,,,,,,,,,,,,,,,,,,,,,,
, $9.00 ,moosse,,,,,,,,,,,,,,,,,,,,,,,,,,,,,,
, $9.00 ,spray,,,,,,,,,,,,,,,,,,,,,,,,,,,,,,
,,,,,,,,,,,,,,,,,,,,,,,,,,,,,,,,
, $55.00 ,Keratin , $15.00 ,1;55,,,,,,,,,,,,,,,,,,,,,,,,,,,,
, $12.00 ,cera,,,,,,,,,,,,,,,,,,,,,,,,,,,,,,
, $25.00 ,flix,,,,,,,,,,,,,,,,,,,,,,,,,,,,,,
,,,,,,,,,,,,,,,,,,,,,,,,,,,,,,,,
, $10.00 ,8-Nov,,,,,,,,,,,,,,,,,,,,,,,,,,,,,,
,,,,,,,,,,,,,,,,,,,,,,,,,,,,,,,,
,,,,,,,,,,,,,,,,,,,,,,,,,,,,,,,,
,,,,,,,,,,,,,,,,,,,,,,,,,,,,,,,,
, $18.00 ,9-Nov, $70.00 ,color jak ,,,,,,,,,,,,,,,,,,,,,,,,,,,,
, $33.00 ,mss sprai ,,,,,,,,,,,,,,,,,,,,,,,,,,,,,,
, $19.57 ,Keratin , $16.00 ,1;56,,,,,,,,,,,,,,,,,,,,,,,,,,,,
, $18.49 ,cera,,,,,,,,,,,,,,,,,,,,,,,,,,,,,,
, $224.06 ,, $101.00 ,,,,,,,,,,,,,,,,,,,,,,,,,,,,,
,,,,,,,,,,,,,,,,,,,,,,,,,,,,,,,,
,,,,,,,,,,,,,,,,,,,,,,,,,,,,,,,,
12-Nov, $45.00 ,tahe ,,,,,,,,,,,,,,,,,,,,,,,,,,,,,,
,,JB, $15.00 ,,,,,,,,,,,,,,,,,,,,,,,,,,,,,
,,,,,,,,,,,,,,,,,,,,,,,,,,,,,,,,
14-Nov,,lovel3 azul, $15.00 ,2:32,,,,,,,,,,,,,,,,,,,,,,,,,,,,
, $18.00 ,aciete,,,,,,,,,,,,,,,,,,,,,,,,,,,,,,
15-Nov, $15.00 ,polvo ,,4:42,,,,,,,,,,,,,,,,,,,,,,,,,,,,
, $15.00 ,,,,,,,,,,,,,,,,,,,,,,,,,,,,,,,
, $15.00 ,,,,,,,,,,,,,,,,,,,,,,,,,,,,,,,
, $15.00 ,,,,,,,,,,,,,,,,,,,,,,,,,,,,,,,
16, $15.00 ,minoxidil,,11.14am,,,,,,,,,,,,,,,,,,,,,,,,,,,,
, $16.00 ,jb ,,,,,,,,,,,,,,,,,,,,,,,,,,,,,,
,,moose, $18.00 ,,,,,,,,,,,,,,,,,,,,,,,,,,,,,
17-Nov, $8.00 ,spray,,11:49,,,,,,,,,,,,,,,,,,,,,,,,,,,,
,,TAHE, $70.00 ,,,,,,,,,,,,,,,,,,,,,,,,,,,,,
, $45.00 ,champomorado,,1.53pm,,,,,,,,,,,,,,,,,,,,,,,,,,,,
, $15.00 ,GEL,,2.49PM,,,,,,,,,,,,,,,,,,,,,,,,,,,,
TOTAL, $222.00 ,, $118.00 ,,,,,,,,,,,,,,,,,,,,,,,,,,,,,
, $108.00 ,TAHER, $88.00 ,,,,,,,,,,,,,,,,,,,,,,,,,,,,,
, $114.00 ,FELIX, $30.00 ,,,,,,,,,,,,,,,,,,,,,,,,,,,,,
,,,,,,,,,,,,,,,,,,,,,,,,,,,,,,,,
,,,,,,,,,,,,,,,,,,,,,,,,,,,,,,,,
FECHA, CASH ,PRODCUTO,TARJETA,,,,,,,,,,,,,,,,,,,,,,,,,,,,,
11/21/2024, $18.00 ,cremaverde,,12.18pm,,,,,,,,,,,,,,,,,,,,,,,,,,,,
, $15.00 ,gelgb,,1.37pm,mons,,,,,,,,,,,,,,,,,,,,,,,,,,,
, $16.00 ,jb,,4;47 le ,,,,,,,,,,,,,,,,,,,,,,,,,,,,
, $15.00 ,jb ,,4;37,,,,,,,,,,,,,,,,,,,,,,,,,,,,
,,,,,,,,,,,,,,,,,,,,,,,,,,,,,,,,
, $33.00 ,spray gel,,11:08,,,,,,,,,,,,,,,,,,,,,,,,,,,,
,,, $45.00 ,tah 11;55,,,,,,,,,,,,,,,,,,,,,,,,,,,,
, $35.00 ,keratin ,,5;40,,,,,,,,,,,,,,,,,,,,,,,,,,,,
, $132.00 ,, $45.00 ,,,,,,,,,,,,,,,,,,,,,,,,,,,,,
, $18.00 ,TAH , $45.00 ,TAH    ,,,,,,,,,,,,,,,,,,,,,,,,,,,,
, $114.00 ,FLIX ,,,,,,,,,,,,,,,,,,,,,,,,,,,,,,
,,,,,,,,,,,,,,,,,,,,,,,,,,,,,,,,
,,,,,,,,,,,,,,,,,,,,,,,,,,,,,,,,
,,,,,,,,,,,,,,,,,,,,,,,,,,,,,,,,
25-Nov, $15.00 ,GEL,,,,,,,,,,,,,,,,,,,,,,,,,,,,,,
, $15.00 ,LEEVEL ,,,,,,,,,,,,,,,,,,,,,,,,,,,,,,
, $15.00 ,LEVEL,,,,,,,,,,,,,,,,,,,,,,,,,,,,,,
26-Nov, $20.00 ,g thae,,,,,,,,,,,,,,,,,,,,,,,,,,,,,,
, $45.00 ,tah ,,,,,,,,,,,,,,,,,,,,,,,,,,,,,,
, $15.00 ,flix,,,,,,,,,,,,,,,,,,,,,,,,,,,,,,
, $7.00 ,feliz,,,,,,,,,,,,,,,,,,,,,,,,,,,,,,
26-Nov, $16.00 ,,,6 50 pm,minoxidil,,,,,,,,,,,,,,,,,,,,,,,,,,,
, $60.00 ,tahe ,,3;40,,,,,,,,,,,,,,,,,,,,,,,,,,,,
27-Nov, $18.00 ,,,2.01pm,,,,,,,,,,,,,,,,,,,,,,,,,,,,
,,, $15.00 ,4:28,jb gel,,,,,,,,,,,,,,,,,,,,,,,,,,,
21-Nov,,, $18.00 ,12.33pm,,,,,,,,,,,,,,,,,,,,,,,,,,,,
, $35.00 ,tahe, $12.00 ,3.48,,,,,,,,,,,,,,,,,,,,,,,,,,,,
, $15.00 ,polvo, $15.00 ,cream,,,,,,,,,,,,,,,,,,,,,,,,,,,,
, $15.00 ,gel,,,,,,,,,,,,,,,,,,,,,,,,,,,,,,
, $18.00 ,pro,,,,,,,,,,,,,,,,,,,,,,,,,,,,,,
TOTAL, $309.00 ,, $60.00 ,,,,,,,,,,,,,,,,,,,,,,,,,,,,,
, $160.00 ,tahe, $18.00 ,,,,,,,,,,,,,,,,,,,,,,,,,,,,,
, $149.00 ,felix, $42.00 ,,,,,,,,,,,,,,,,,,,,,,,,,,,,,
,,,,,,,,,,,,,,,,,,,,,,,,,,,,,,,,
2-Dec,,, $18.00 ,5:17,,,,,,,,,,,,,,,,,,,,,,,,,,,,
,,, $15.00 ,7:20,,,,,,,,,,,,,,,,,,,,,,,,,,,,
,,,,,,,,,,,,,,,,,,,,,,,,,,,,,,,,
,,,,,,,,,,,,,,,,,,,,,,,,,,,,,,,,
3-Dec,,polvo, $15.00 ,5:58,,,,,,,,,,,,,,,,,,,,,,,,,,,,
4-Dec,,polvo, $15.00 ,2 29 pm,,,,,,,,,,,,,,,,,,,,,,,,,,,,
6-Dec,,lv3 azul, $15.00 ,1:53,,,,,,,,,,,,,,,,,,,,,,,,,,,,
,,minoxidil, $15.00 ,,,,,,,,,,,,,,,,,,,,,,,,,,,,,
7-Dec,,polvo y gel verde, $30.00 ,9:49,,,,,,,,,,,,,,,,,,,,,,,,,,,,
,,b styling , $15.00 ,11;22,,,,,,,,,,,,,,,,,,,,,,,,,,,,
,,sty pow, $15.00 ,12:30,,,,,,,,,,,,,,,,,,,,,,,,,,,,
,,gel, $15.00 ,2;13,,,,,,,,,,,,,,,,,,,,,,,,,,,,
,,spray, $18.00 ,2;13,,,,,,,,,,,,,,,,,,,,,,,,,,,,
8-Dec,, wax spider, $12.00 ,1:41,,,,,,,,,,,,,,,,,,,,,,,,,,,,
,,, $165.00 ,,,,,,,,,,,,,,,,,,,,,,,,,,,,,
,,, $87.00 ,FLIX ,,,,,,,,,,,,,,,,,,,,,,,,,,,,
,,, $78.00 ,TAH ,,,,,,,,,,,,,,,,,,,,,,,,,,,,
,,,,,,,,,,,,,,,,,,,,,,,,,,,,,,,,
FECHA, CASH ,PRODCUTO,TARJETA,,,,,,,,,,,,,,,,,,,,,,,,,,,,,
9 dic, $15.00 ,,,4.05pm mon,,,,,,,,,,,,,,,,,,,,,,,,,,,,
10-Dec, $15.00 ,polvo ,,,,,,,,,,,,,,,,,,,,,,,,,,,,,,
,,gel verde, $15.00 ,4:07,,,,,,,,,,,,,,,,,,,,,,,,,,,,
11-Dec, $15.00 ,,,7 31 pm,lesther,,,,,,,,,,,,,,,,,,,,,,,,,,,
,,,,,,,,,,,,,,,,,,,,,,,,,,,,,,,,
12 dic,,, $18.00 ,6.14pm,monse,,,,,,,,,,,,,,,,,,,,,,,,,,,
,,,,,,,,,,,,,,,,,,,,,,,,,,,,,,,,
,,,,,,,,,,,,,,,,,,,,,,,,,,,,,,,,
14-Dec, $7.00 ,SPRAY WIL,,,,,,,,,,,,,,,,,,,,,,,,,,,,,,
,,muss negro, $15.00 ,3:29,wil,,,,,,,,,,,,,,,,,,,,,,,,,,,
,,,,,,,,,,,,,,,,,,,,,,,,,,,,,,,,
15-Dec, $16.00 ,spray,,10:49,,,,,,,,,,,,,,,,,,,,,,,,,,,,
,,,,,,,,,,,,,,,,,,,,,,,,,,,,,,,,
15, $15.00 ,,,1,,,,,,,,,,,,,,,,,,,,,,,,,,,,
,,,,1.28pm,,,,,,,,,,,,,,,,,,,,,,,,,,,,
,,broche, $10.00 ,3:35,,,,,,,,,,,,,,,,,,,,,,,,,,,,
TOTAL, $83.00 ,, $58.00 ,,,,,,,,,,,,,,,,,,,,,,,,,,,,,
, $23.00 ,TAHE, $25.00 ,,,,,,,,,,,,,,,,,,,,,,,,,,,,,
, $60.00 ,FELIX, $33.00 ,,,,,,,,,,,,,,,,,,,,,,,,,,,,,
,,,,,,,,,,,,,,,,,,,,,,,,,,,,,,,,
,,,,,,,,,,,,,,,,,,,,,,,,,,,,,,,,
,,, $15.00 ,4.51pm,,,,,,,,,,,,,,,,,,,,,,,,,,,,
,,gel jb, $15.00 ,,,,,,,,,,,,,,,,,,,,,,,,,,,,,
,,, $16.00 ,5,,,,,,,,,,,,,,,,,,,,,,,,,,,,
19-Dec, $15.00 ,minoxidil, $15.00 ,5:50,,,,,,,,,,,,,,,,,,,,,,,,,,,,
,,,,,,,,,,,,,,,,,,,,,,,,,,,,,,,,
20-Dec, $30.00 ,polvo,,,,,,,,,,,,,,,,,,,,,,,,,,,,,,
,,frienze, $45.00 ,,,,,,,,,,,,,,,,,,,,,,,,,,,,,
,,,,,,,,,,,,,,,,,,,,,,,,,,,,,,,,
,,gel jb, $15.00 ,7:12,,,,,,,,,,,,,,,,,,,,,,,,,,,,
20-Dec, $15.00 ,jb,,,,,,,,,,,,,,,,,,,,,,,,,,,,,,
,,,,,,,,,,,,,,,,,,,,,,,,,,,,,,,,
,,,,,,,,,,,,,,,,,,,,,,,,,,,,,,,,
21-Dec, $15.00 ,gel,,,,,,,,,,,,,,,,,,,,,,,,,,,,,,
, $15.00 ,gl, $25.00 ,2;24,,,,,,,,,,,,,,,,,,,,,,,,,,,,
 power style, $15.00 ,,,,21-Dec,,,,,,,,,,,,,,,,,,,,,,,,,,,
, $15.00 ,,,,,,,,,,,,,,,,,,,,,,,,,,,,,,,
22-Dec, $15.00 ,gel jb,,10:36,g,,,,,,,,,,,,,,,,,,,,,,,,,,,
, $15.00 ,gel,,11:40,,,,,,,,,,,,,,,,,,,,,,,,,,,,
, $15.00 ,gel,,10:48,,,,,,,,,,,,,,,,,,,,,,,,,,,,
,,, $55.00 ,kit keratin  1;18,,,,,,,,,,,,,,,,,,,,,,,,,,,,
,,, $25.00 ,tah  gold ,2;40,,,,,,,,,,,,,,,,,,,,,,,,,,,
, $165.00 ,, $226.00 ,,,,,,,,,,,,,,,,,,,,,,,,,,,,,
, $15.00 ,tah , $150.00 ,tahe ,,,,,,,,,,,,,,,,,,,,,,,,,,,,
, $150.00 ,felix , $76.00 ,flx ,,,,,,,,,,,,,,,,,,,,,,,,,,,,
,,,,,,,,,,,,,,,,,,,,,,,,,,,,,,,,
FECHA, CASH ,PRODCUTO,TARJETA,,,,,,,,,,,,,,,,,,,,,,,,,,,,,
23-Dec, polvo ,, $15.00 ,,11 42 am,,,,,,,,,,,,,,,,,,,,,,,,,,,
,,, $15.00 ,,6.36pm,,,,,,,,,,,,,,,,,,,,,,,,,,,
24-Dec,,, $15.00 ,,10.02am,mon,,,,,,,,,,,,,,,,,,,,,,,,,,
,,, $22.00 ,red byby  1;16,,,,,,,,,,,,,,,,,,,,,,,,,,,,
,,,,,,,,,,,,,,,,,,,,,,,,,,,,,,,,
27-Dec, $15.00 ,gel gb,,,5:08,,,,,,,,,,,,,,,,,,,,,,,,,,,
28-Dec, $15.00 ,pintura,,,,,,,,,,,,,,,,,,,,,,,,,,,,,,
, $15.00 ,polvo,,,12:00,,,,,,,,,,,,,,,,,,,,,,,,,,,
,,, $15.00 ,stypow,12:22,,,,,,,,,,,,,,,,,,,,,,,,,,,
,,, $25.00 ,,,,,,,,,,,,,,,,,,,,,,,,,,,,,
, $15.00 ,,,,5.40pm,,,,,,,,,,,,,,,,,,,,,,,,,,,
29-Dec, $15.00 ,gel jb,,,9:40,,,,,,,,,,,,,,,,,,,,,,,,,,,
, $18.00 ,mouse,,,1.40pm,,,,,,,,,,,,,,,,,,,,,,,,,,,
, $15.00 ,minx,,,,,,,,,,,,,,,,,,,,,,,,,,,,,,
TOTAL, $108.00 ,, $107.00 ,,,,,,,,,,,,,,,,,,,,,,,,,,,,,
, $18.00 ,TAHE, $25.00 ,,,,,,,,,,,,,,,,,,,,,,,,,,,,,
, $90.00 ,FELIX, $82.00 ,,,,,,,,,,,,,,,,,,,,,,,,,,,,,
,,,,,,,,,,,,,,,,,,,,,,,,,,,,,,,,
,,,,,,,,,,,,,,,,,,,,,,,,,,,,,,,,
,,,,,,,,,,,,,,,,,,,,,,,,,,,,,,,,
,,friemxe, $35.00 ,,,,,,,,,,,,,,,,,,,,,,,,,,,,,
, $15.00 ,minoxidi;\,,,,,,,,,,,,,,,,,,,,,,,,,,,,,,
,,,,,,,,,,,,,,,,,,,,,,,,,,,,,,,,
,,,,,,,,,,,,,,,,,,,,,,,,,,,,,,,,
21-Feb, $7.00 ,after, wil ,,,,,,,,,,,,,,,,,,,,,,,,,,,,,
,,,,,,,,,,,,,,,,,,,,,,,,,,,,,,,,
,,,,,,,,,,,,,,,,,,,,,,,,,,,,,,,,
,,,,,,,,,,,,,,,,,,,,,,,,,,,,,,,,
23-Feb, $15.00 ,gel jb,,,,,,,,,,,,,,,,,,,,,,,,,,,,,,
,,,,,,,,,,,,,,,,,,,,,,,,,,,,,,,,
,,,,,,,,,,,,,,,,,,,,,,,,,,,,,,,,
,,,,,,,,,,,,,,,,,,,,,,,,,,,,,,,,
,,,,,,,,,,,,,,,,,,,,,,,,,,,,,,,,
,,,,,,,,,,,,,,,,,,,,,,,,,,,,,,,,
,,,,,,,,,,,,,,,,,,,,,,,,,,,,,,,,
,,,,,,,,,,,,,,,,,,,,,,,,,,,,,,,,
,,,,,,,,,,,,,,,,,,,,,,,,,,,,,,,,
,,,,,,,,,,,,,,,,,,,,,,,,,,,,,,,,
,,,,,,,,,,,,,,,,,,,,,,,,,,,,,,,,
,,,,,,,,,,,,,,,,,,,,,,,,,,,,,,,,
,,,,,,,,,,,,,,,,,,,,,,,,,,,,,,,,
,,,,,,,,,,,,,,,,,,,,,,,,,,,,,,,,
,,,,,,,,,,,,,,,,,,,,,,,,,,,,,,,,
,,,,,,,,,,,,,,,,,,,,,,,,,,,,,,,,
,,,,,,,,,,,,,,,,,,,,,,,,,,,,,,,,
,,,,,,,,,,,,,,,,,,,,,,,,,,,,,,,,
,,,,,,,,,,,,,,,,,,,,,,,,,,,,,,,,
,,,,,,,,,,,,,,,,,,,,,,,,,,,,,,,,
,,,,,,,,,,,,,,,,,,,,,,,,,,,,,,,,
,,,,,,,,,,,,,,,,,,,,,,,,,,,,,,,,
,,,,,,,,,,,,,,,,,,,,,,,,,,,,,,,,
,,,,,,,,,,,,,,,,,,,,,,,,,,,,,,,,
,,,,,,,,,,,,,,,,,,,,,,,,,,,,,,,,
,,,,,,,,,,,,,,,,,,,,,,,,,,,,,,,,
,,,,,,,,,,,,,,,,,,,,,,,,,,,,,,,,
,,,,,,,,,,,,,,,,,,,,,,,,,,,,,,,,
,,,,,,,,,,,,,,,,,,,,,,,,,,,,,,,,
,,,,,,,,,,,,,,,,,,,,,,,,,,,,,,,,
,,,,,,,,,,,,,,,,,,,,,,,,,,,,,,,,
,,,,,,,,,,,,,,,,,,,,,,,,,,,,,,,,
,,,,,,,,,,,,,,,,,,,,,,,,,,,,,,,,
,,,,,,,,,,,,,,,,,,,,,,,,,,,,,,,,
,,,,,,,,,,,,,,,,,,,,,,,,,,,,,,,,
,,,,,,,,,,,,,,,,,,,,,,,,,,,,,,,,
,,,,,,,,,,,,,,,,,,,,,,,,,,,,,,,,
,,,,,,,,,,,,,,,,,,,,,,,,,,,,,,,,
,,,,,,,,,,,,,,,,,,,,,,,,,,,,,,,,
,,,,,,,,,,,,,,,,,,,,,,,,,,,,,,,,
,,,,,,,,,,,,,,,,,,,,,,,,,,,,,,,,
,,,,,,,,,,,,,,,,,,,,,,,,,,,,,,,,
,,,,,,,,,,,,,,,,,,,,,,,,,,,,,,,,
,,,,,,,,,,,,,,,,,,,,,,,,,,,,,,,,
,,,,,,,,,,,,,,,,,,,,,,,,,,,,,,,,
,,,,,,,,,,,,,,,,,,,,,,,,,,,,,,,,
,,,,,,,,,,,,,,,,,,,,,,,,,,,,,,,,
,,,,,,,,,,,,,,,,,,,,,,,,,,,,,,,,
,,,,,,,,,,,,,,,,,,,,,,,,,,,,,,,,
,,,,,,,,,,,,,,,,,,,,,,,,,,,,,,,,
,,,,,,,,,,,,,,,,,,,,,,,,,,,,,,,,
,,,,,,,,,,,,,,,,,,,,,,,,,,,,,,,,
,,,,,,,,,,,,,,,,,,,,,,,,,,,,,,,,
,,,,,,,,,,,,,,,,,,,,,,,,,,,,,,,,
,,,,,,,,,,,,,,,,,,,,,,,,,,,,,,,,
,,,,,,,,,,,,,,,,,,,,,,,,,,,,,,,,
,,,,,,,,,,,,,,,,,,,,,,,,,,,,,,,,
,,,,,,,,,,,,,,,,,,,,,,,,,,,,,,,,
,,,,,,,,,,,,,,,,,,,,,,,,,,,,,,,,
,,,,,,,,,,,,,,,,,,,,,,,,,,,,,,,,
,,,,,,,,,,,,,,,,,,,,,,,,,,,,,,,,
,,,,,,,,,,,,,,,,,,,,,,,,,,,,,,,,
,,,,,,,,,,,,,,,,,,,,,,,,,,,,,,,,
,,,,,,,,,,,,,,,,,,,,,,,,,,,,,,,,
,,,,,,,,,,,,,,,,,,,,,,,,,,,,,,,,
